BindingDB_id,SMILES,bioactivity_class,IC50_nM,Data Set,Smiles standarization,Patente
222010,OB(O)C1CCCN1C(=O)CNC(=O)CCCCCN(CC=1NC=CCC=1)CC1=CCC=CN1,Active,21,Bsite,Nope,Si
222011,OB(O)C1CCCN1C(=O)CNC(=O)CCCCCN(CC(=O)O)CC1=CCC=CN1,Active,3533,Bsite,Nope,Si
222012,OB(O)C1CCCN1C(=O)CNC(=O)CCCCCN(CC1NC=CN1C)CC1NC=CN1C,Active,20,Bsite,Error 1,Si
581997,CCCN([C@@H](C[C@@H](c1nc(C(N[C@@H](C[C@@H](C)C(OC)=O)Cc(cc2)ccc2O)=O)c[s]1)OCCC)C(C)C)C(C([C@H](C)CC)NC([C@H](CCCC1)N1C(OCc(cc1)ccc1NC([C@@H](CCCNC(N)=O)NC([C@@H](C(C)C)NC(CCCCCN(C(C=C1)=O)C1=O)=O)=O)=O)=O)=O)=O,Active,150000,Bsite,Nope,Si
581999,CCCN([C@H](C[C@H](c1nc(C(N[C@H](C[C@H](C)C(O)=O)Cc2ccccc2)=O)c[s]1)OCCC)C(C)C)C([C@H]([C@@H](C)CC)NC(C([C@@H](C)CC)N(C)C(OCc(cc1)ccc1NC([C@H](CCCNC(N)=O)NC([C@H](C(C)C)NC(CCCCCN(C(C=C1)=O)C1=O)=O)=O)=O)=O)=O)=O,Active,90,Bsite,Nope,Si
582000,CCCN([C@@H](C[C@@H](c1nc(C(N[C@@H](C[C@@H](C)C(NNC(OCc(cc2)ccc2NC([C@H](CCCNC(N)=O)NC([C@H](C(C)C)NC(CCCCCN(C(C=C2)=O)C2=O)=O)=O)=O)=O)=O)Cc(cc2)ccc2O)=O)c[s]1)OCCC)C(C)C)C([C@@H]([C@H](C)CC)NC([C@H]1N(C)CCCC1)=O)=O,Active,14000,Bsite,Nope,Si
582002,CCCN([C@@H](C[C@@H](c1nc(C(N[C@@H](C[C@@H](C)C(NNC(OCCOCCOCCOCCNC(CCCCCN(C(C=C2)=O)C2=O)=O)=O)=O)Cc(cc2)ccc2O)=O)c[s]1)OCCC)C(C)C)C([C@@H]([C@H](C)CC)NC([C@H]1N(C)CCCC1)=O)=O,Active,1900,Bsite,Nope,Si
582004,CCCN([C@@H](C[C@@H](c1nc(C(N[C@@H](C[C@@H](C)C(NNC(OCCOCCNC(OCc(cc2)ccc2NC([C@@H](CCCNC(N)=O)NC([C@@H](C(C)C)NC(CCCCCN(C(C=C2)=O)C2=O)=O)=O)=O)=O)=O)=O)Cc2ccccc2)=O)c[s]1)OCCC)C(C)C)C([C@@H]([C@H](C)CC)NC([C@H]1N(C)CCCC1)=O)=O,Active,6000,Bsite,Nope,Si
582006,CCCN([C@@H](C[C@@H](c1nc(C(N[C@@H](C[C@@H](C)C(NNC(OCCOCCOCCOCCNC(OCc(cc2)ccc2NC([C@@H](CCCNC(N)=O)NC([C@@H](C(C)C)NC(CCCCCN(C(C=C2)=O)C2=O)=O)=O)=O)=O)=O)=O)Cc(cc2)ccc2O)=O)c[s]1)OCCC)C(C)C)C([C@@H]([C@H](C)CC)NC([C@H]1N(C)CCCC1)=O)=O,Active,1900,Bsite,Nope,Si
1079748,CC(C)(C)[C@@H](C(N1[C@H](B(O)O)CCC1)=O)N,Active,32000,Bsite,Nope,Si
1079762,N[C@H](C1(CC(C2)C3)CC3CC2C1)C(N1[C@@H](B(O)O)CCC1)=O,Active,31000,Bsite,Nope,Si
1079769,N[C@H](C(CC(C1)C2)(CC1C1)CC21Cl)C(N1[C@@H](B(O)O)CCC1)=O,Active,20000,Bsite,Nope,Si
1079776,CC1(CCCCC1)[C@H](C(N1[C@@H](B(O)O)CCC1)=O)N,Active,76000,Bsite,Nope,Si
1079783,CC[C@H](C)[C@@H](C(N1[C@H](B(O)O)CCC1)=O)N,Active,16000,Bsite,Nope,Si
1079790,CC[C@H](C)[C@H](C(N1[C@@H](B(O)O)CCC1)=O)N,Active,26000,Bsite,Nope,Si
1079797,N[C@H](C1CCCCC1)C(N1[C@@H](B(O)O)CCC1)=O,Active,10000,Bsite,Nope,Si
1079804,CC1(CCCC1)[C@H](C(N1[C@@H](B(O)O)CCC1)=O)N,Active,88000,Bsite,Nope,Si
1079811,CC(C)([C@H](C(N1[C@@H](B(O)O)CCC1)=O)N)F,Active,75000,Bsite,Nope,Si
1079818,C[C@H](C(N1[C@@H](B(O)O)CCC1)=O)N,Active,13000,Bsite,Nope,Si
1079832,C[C@H](C(N1[C@@H](B(O)O)CCC1)=S)N,Active,130000,Bsite,Nope,Si
1079838,CC(C)[C@H](C(N1[C@@H](B(O)O)CCC1)=S)N,Active,100000,Bsite,Nope,Si
1079845,CC1(C)[C@H](C(N2[C@@H](B(O)O)CCC2)=O)NC1,Active,58000,Bsite,Nope,Si
1079877,CC[C@@H](C(N1[C@H](B(O)O)CCC1)=O)N,Active,42000,Bsite,Nope,Si
1079884,N[C@H](C(CC(C1)C2)(CC1C1)CC21O)C(N1[C@@H](B(O)O)CCC1)=O,Active,9000,Bsite,Nope,Si
1079896,CC[C@@H](C)[C@H](C(N(C1)[C@@H](B(O)O)c2c1cccc2)=O)N,Active,640000,Bsite,Nope,Si
1079998,CC(C)[C@@H](C(N(C1)[C@H](B(O)O)C[C@@H]1O)=O)N,Active,75000,Bsite,Nope,Si
1080016,CC1(C)[C@@H](C(N2[C@H](B(O)O)CCC2)=O)NCC1,Active,32000,Bsite,Nope,Si
1080023,CC1(CC1)[C@H](C(N1[C@@H](B(O)O)CCC1)=O)N,Active,350000,Bsite,Nope,Si
1080030,N[C@@H](Cc1ccccc1)C(N1[C@H](B(O)O)CCC1)=O,Active,17000,Bsite,Nope,Si
1080037,CC(C)C[C@@H](C(N1[C@H](B(O)O)CCC1)=O)N,Active,150000,Bsite,Nope,Si
1080044,NCCCC[C@@H](C(N1[C@H](B(O)O)CCC1)=O)N,Active,82000,Bsite,Nope,Si
1080051,OB([C@H](CCC1)N1C([C@H]1NCCC1)=O)O,Active,29000,Bsite,Nope,Si
1080058,N[C@H](CCC(O)=O)C(N1[C@@H](B(O)O)CCC1)=O,Active,4100,Bsite,Nope,Si
1080065,CC(C)(C)[C@@H](C(N(CCC1)[C@@H]1C#N)=O)N,Active,700000,Bsite,Nope,Si
1080072,N[C@H](C(CC(C1)C2)(CC1C1)CC21F)C(N1[C@@H](B(O)O)CCC1)=O,Active,33000,Bsite,Nope,Si
1225336,N#CC(CC(C1)(F)F)N1C(CNC(c1ccnc2ccccc12)=O)=O,Active,10001,Bsite,Nope,Si
1225343,N#CC(CC(C1)(F)F)N1C(CNC(c1c(cc(cc2)-c(cc3)ccc3Cl)c2ncc1)=O)=O,Active,10001,Bsite,Nope,Si
1225357,N#CC(CC(C1)(F)F)N1C(CNC(c(c1c2)ccnc1ccc2-c1ccccc1)=O)=O,Active,10001,Bsite,Nope,Si
1225365,N#CC(CC(C1)(F)F)N1C(CNC(c1c(cc(cc2)-c3ccc(cc(cc4)Cl)c4c3)c2ncc1)=O)=O,Active,10001,Bsite,Nope,Si
1225369,Cc1n[o]c(C)c1-c1ccc2nccc(C(NCC(N(CC(C3)(F)F)C3C#N)=O)=O)c2c1,Active,10001,Bsite,Nope,Si
1225373,N#CC(CC(C1)(F)F)N1C(CNC(c(c1c2)ccnc1ccc2-c1cnccc1)=O)=O,Active,10001,Bsite,Nope,Si
1225377,N#CC(CC(C1)(F)F)N1C(CNC(c(c1c2)ccnc1ccc2-c1ccncc1)=O)=O,Active,10001,Bsite,Nope,Si
1225381,CC(C)(C)c(cc1)ccc1-c1ccc2nccc(C(NCC(N(CC(C3)(F)F)C3C#N)=O)=O)c2c1,Active,10001,Bsite,Nope,Si
1225385,C[n](cc1)c(cc2)c1cc2-c1ccc2nccc(C(NCC(N(CC(C3)(F)F)C3C#N)=O)=O)c2c1,Active,10001,Bsite,Nope,Si
1225389,N#CC(CC(C1)(F)F)N1C(CNC(c(c1c2)ccnc1ccc2C1=CC2=CC=NC2C=C1)=O)=O,Active,10001,Bsite,Nope,Si
1225393,C[n]1ncc(-c2ccc3nccc(C(NCC(N(CC(C4)(F)F)C4C#N)=O)=O)c3c2)c1,Active,10001,Bsite,Nope,Si
1225397,N#CC(CC(C1)(F)F)N1C(CNC(c(c1c2)ccnc1ccc2-c1c[n](C2CC2)nc1)=O)=O,Active,10001,Bsite,Nope,Si
1225401,N#CC(CC(C1)(F)F)N1C(CNC(c(c1c2)ccnc1ccc2-c(cc1)cc2c1NCC2)=O)=O,Active,10001,Bsite,Nope,Si
1225405,CC(C)C/C=C/c1ccc2nccc(C(NCC(N(CC(C3)(F)F)C3C#N)=O)=O)c2c1,Active,10001,Bsite,Nope,Si
1225409,N#CC(CC(C1)(F)F)N1C(CNC(c1ccnc2ccc(/C=C/c3ccccc3)cc12)=O)=O,Active,10001,Bsite,Nope,Si
1225413,CN(C)c1ccc(cc(cc2)-c3ccc4nccc(C(NCC(N(CC(C5)(F)F)C5C#N)=O)=O)c4c3)c2c1,Active,10001,Bsite,Nope,Si
1225417,N#CC(CC(C1)(F)F)N1C(CNC(c(c1c2)ccnc1ccc2-c(cc1)cc(CC2)c1NC2=O)=O)=O,Active,10001,Bsite,Nope,Si
1225421,N#CC(CC(C1)(F)F)N1C(CNC(c1ccnc2ccc(C(C=C3)C=NC3=O)cc12)=O)=O,Active,10001,Bsite,Nope,Si
1225425,N#CC(CC(C1)(F)F)N1C(CNC(c(c1c2)ccnc1ccc2-c(cc1)cc(CCN2)c1C2=O)=O)=O,Active,10001,Bsite,Nope,Si
1225429,N#CC(CC(C1)(F)F)N1C(CNC(c1ccnc2ccc(/C=C/c3ccncc3)cc12)=O)=O,Active,10001,Bsite,Nope,Si
1225433,N#CC(CC(C1)(F)F)N1C(CNC(c1ccnc2ccc(/C=C/c3cnccc3)cc12)=O)=O,Active,10001,Bsite,Nope,Si
1225437,N#CC(CC(C1)(F)F)N1C(CNC(c1ccnc2ccc(/C=C/c3ncccc3)cc12)=O)=O,Active,10001,Bsite,Nope,Si
1225441,COC(/C=C/c1ccc2nccc(C(NCC(N(CC(C3)(F)F)C3C#N)=O)=O)c2c1)=O,Active,10001,Bsite,Nope,Si
1225445,Cc(cc1)ncc1-c1ccc2nccc(C(NCC(N(CC(C3)(F)F)C3C#N)=O)=O)c2c1,Active,10001,Bsite,Nope,Si
1225447,N#CC(CC(C1)(F)F)N1C(CNC(c(c1c2)ccnc1ccc2-c(cc1)cc2c1OCCO2)=O)=O,Active,10001,Bsite,Nope,Si
1225449,N#CC(CC(C1)(F)F)N1C(CNC(c(c1c2)ccnc1ccc2-c1cnc(C2CC2)cc1)=O)=O,Active,10001,Bsite,Nope,Si
1225463,COc(cc1)ccc1-c1ccc2nccc(C(NCC(N(CC(C3)(F)F)C3C#N)=O)=O)c2c1,Active,10001,Bsite,Nope,Si
1225467,N#CC(CC(C1)(F)F)N1C(CNC(c(c1c2)ccnc1ccc2-c(cc1)ccc1OC(F)(F)F)=O)=O,Active,10001,Bsite,Nope,Si
1225471,CN1CCN(Cc(cc2)ccc2-c2ccc3nccc(C(NCC(N(CC(C4)(F)F)C4C#N)=O)=O)c3c2)CC1,Active,10001,Bsite,Nope,Si
1225475,COc(cc1)ncc1-c1ccc2nccc(C(NCC(N(CC(C3)(F)F)C3C#N)=O)=O)c2c1,Active,10001,Bsite,Nope,Si
1225477,CC(C)Oc(cc1)ncc1-c1ccc2nccc(C(NCC(N(CC(C3)(F)F)C3C#N)=O)=O)c2c1,Active,10001,Bsite,Nope,Si
1225479,COCCOc(cc1)ccc1-c1ccc2nccc(C(NCC(N(CC(C3)(F)F)C3C#N)=O)=O)c2c1,Active,10001,Bsite,Nope,Si
1225481,COCCOc(cc1)ncc1-c1ccc2nccc(C(NCC(N(CC(C3)(F)F)C3C#N)=O)=O)c2c1,Active,10001,Bsite,Nope,Si
1225484,N#CC(CC(C1)(F)F)N1C(CNC(c1ccnc2ccc(/C=C/c(cc3)cc(CC4)c3NC4=O)cc12)=O)=O,Active,10001,Bsite,Nope,Si
1225486,N#CC(CC(C1)(F)F)N1C(CNC(c1ccnc2ccc(/C=C/c(cc3)cc(CCN4)c3C4=O)cc12)=O)=O,Active,10001,Bsite,Nope,Si
1225488,CC(Nc(cc1)ccc1-c1ccc2nccc(C(NCC(N(CC(C3)(F)F)C3C#N)=O)=O)c2c1)=O,Active,10001,Bsite,Nope,Si
1225492,CC(Nc1cccc(-c2ccc3nccc(C(NCC(N(CC(C4)(F)F)C4C#N)=O)=O)c3c2)c1)=O,Active,10001,Bsite,Nope,Si
1225496,CC(Nc(cccc1)c1-c1ccc2nccc(C(NCC(N(CC(C3)(F)F)C3C#N)=O)=O)c2c1)=O,Active,10001,Bsite,Nope,Si
1225500,CNC(c(cc1)ccc1-c1ccc2nccc(C(NCC(N(CC(C3)(F)F)C3C#N)=O)=O)c2c1)=O,Active,10001,Bsite,Nope,Si
1225504,N#CC(CC(C1)(F)F)N1C(CNC(c(c1c2)ccnc1ccc2C1=CC2=CN=NC2C=C1)=O)=O,Active,10001,Bsite,Nope,Si
1225506,CNC(c1cccc(-c2ccc3nccc(C(NCC(N(CC(C4)(F)F)C4C#N)=O)=O)c3c2)c1)=O,Active,10001,Bsite,Nope,Si
1225510,N#CC(CC(C1)(F)F)N1C(CNC(c(c1c2)ccnc1ccc2C1=C2C=CC=CC2N=C1)=O)=O,Active,10001,Bsite,Nope,Si
1225512,N#CC(CC(C1)(F)F)N1C(CNC(c(c1c2)ccnc1ccc2-c(cc1)cc(CN2)c1C2=O)=O)=O,Active,10001,Bsite,Nope,Si
1225516,N#CC(CC(C1)(F)F)N1C(CNC(c1ccnc2ccc(/C=C/c3cc4cccnc4cc3)cc12)=O)=O,Active,10001,Bsite,Nope,Si
1225518,N#CC(CC(C1)(F)F)N1C(CNC(c(c1c2)ccnc1ccc2-c(cc1)cc(C2)c1NC2=O)=O)=O,Active,10001,Bsite,Nope,Si
1225520,N#CC(CC(C1)(F)F)N1C(CNC(c(c1c2)ccnc1ccc2-c1cc(C(NCC2)=O)c2cc1)=O)=O,Active,10001,Bsite,Nope,Si
1225523,N#CC(CC(C1)(F)F)N1C(CNC(c(c1c2)ccnc1ccc2-c1c(CCC(N2)=O)c2ccc1)=O)=O,Active,10001,Bsite,Nope,Si
1225527,N#CC(CC(C1)(F)F)N1C(CNC(c(c1c2)ccnc1ccc2-c1c(CCNC2=O)c2ccc1)=O)=O,Active,10001,Bsite,Nope,Si
1225531,CN(C(CC1)=O)c(cc2)c1cc2-c1ccc2nccc(C(NCC(N(CC(C3)(F)F)C3C#N)=O)=O)c2c1,Active,10001,Bsite,Nope,Si
1225534,CN(CCc1c2ccc(-c3ccc4nccc(C(NCC(N(CC(C5)(F)F)C5C#N)=O)=O)c4c3)c1)C2=O,Active,10001,Bsite,Nope,Si
1225537,N#CC(CC(C1)(F)F)N1C(CNC(c1ccnc2ccc(/C=C/C3=CC4=CN=NC4C=C3)cc12)=O)=O,Active,10001,Bsite,Nope,Si
1225540,N#CC(CC(C1)(F)F)N1C(CNC(c(c1c2)ccnc1ccc2-c(cc1)cc2c1NCCC2)=O)=O,Active,10001,Bsite,Nope,Si
1225543,N#CC(CC(C1)(F)F)N1C(CNC(c(c1c2)ccnc1ccc2-c1cc(CCNC2)c2cc1)=O)=O,Active,10001,Bsite,Nope,Si
1225547,N#CC(CC(C1)(F)F)N1C(CNC(c1ccnc2ccc(/C=C/c(cc3)cc4c3NCC4)cc12)=O)=O,Active,10001,Bsite,Nope,Si
1225550,CNC(c(ccc(-c(ccc1ncc2)cc1c2C(NCC(N(CC(C1)(F)F)C1C#N)=O)=O)c1)c1F)=O,Active,10001,Bsite,Nope,Si
1225554,C[C@H](C(N(CC(C1)(F)F)[C@@H]1C#N)=O)NC(c(ccnc1)c1-c1ccccc1)=O,Active,1001,Bsite,Nope,Si
1225558,C[C@@H](C(N(CC(C1)(F)F)[C@@H]1C#N)=O)NC(c(ccnc1)c1-c1ccccc1)=O,Active,1001,Bsite,Nope,Si
1245036,CCC(C)C(C(N(C1)Cc2c1ccc(F)c2)=O)N,Active,100001,Bsite,Nope,Si
1245042,NC(CC(N(CC1)CCN1C(c(cc1)ccc1F)c(cc1)ccc1F)=O)C(N(C1)Cc2c1cccc2)=O,Active,2200,Bsite,Nope,Si
1245055,N[C@H](C1(CC1)C(F)(F)F)C(N1[C@@H](B(O)O)CCC1)=O,Active,1200,Bsite,Nope,Si
1245088,N[C@H](CC(N(CC1)CCN1C(c(cc1)ccc1F)c(cc1)ccc1F)=O)C(N(C1)[C@@H](B(O)O)c2c1cccc2)=O,Active,2200,Bsite,Nope,Si
1245120,CC(C)C(C(N(C1)Cc2c1ccc(F)c2)=O)N,Active,100001,Bsite,Nope,Si
1245126,CC(C)(C)C(C(N(C1)Cc2c1ccc(F)c2)=O)N,Active,100001,Bsite,Nope,Si
1245170,CC(C)[C@H](C(N1[C@@H](B(O)O)CCC1)=O)N(C)C,Active,100001,Bsite,Nope,Si
1297053,CC(C)[C@H](C(N1[C@@H](B(O)O)CCC1)=O)N,Active,5.8,Bsite,Nope,Si
1297054,C[C@@H](C(N1[C@@H](B(O)O)CCC1)=O)NC(c(cc1)ccc1NNC(CN1CCN(CC(O)=O)CCN(CC(O)=O)CCN(CC(O)=O)CC1)=O)=O,Active,2.7,Bsite,Nope,Si
1297056,C[C@@H](C(N1[C@@H](B(O)O)CCC1)=O)NC(c(cc1)ccc1NNC(CNC(CN1CCN(CC(O)=O)CCN(CC(O)=O)CCN(CC(O)=O)CC1)=O)=O)=O,Active,2.1,Bsite,Nope,Si
1297085,OB(O)[C@H]1CCCN1C(=O)[C@H](C)NC(=O)CN1CCN(CC(=O)O)CCN(CC(=O)O)CCN(CC1)CC(=O)O,Active,760,Bsite,Nope,Si
1297087,CC(C)[C@H](C(N[C@@H](C)C(N1[C@@H](B(O)O)CCC1)=O)=O)NC(CN1CCN(CC(O)=O)CCN(CC(O)=O)CCN(CC(O)=O)CC1)=O,Active,62,Bsite,Nope,Si
1297088,OB(O)[C@H]1CCCN1C(=O)[C@H](C)NC(=O)[C@H](NC(=O)CN1CCN(CC(=O)O)CCN(CC(=O)O)CCN(CC1)CC(=O)O)C(C)C,Active,26.2,Bsite,Nope,Si
1297089,C[C@@H](C(N1[C@@H](B(O)O)CCC1)=O)NC([C@@H](CO)NC(CN1CCN(CC(O)=O)CCN(CC(O)=O)CCN(CC(O)=O)CC1)=O)=O,Active,186,Bsite,Nope,Si
1297090,OB(O)[C@H]1CCCN1C(=O)[C@H](C)NC(=O)[C@H](NC(=O)CN1CCN(CC(=O)O)CCN(CC(=O)O)CCN(CC1)CC(=O)O)CO,Active,128,Bsite,Nope,Si
1297091,C[C@H](C(N[C@@H](C)C(N1[C@@H](B(O)O)CCC1)=O)=O)NC(CN1CCN(CC(O)=O)CCN(CC(O)=O)CCN(CC(O)=O)CC1)=O,Active,71.7,Bsite,Nope,Si
1297092,OB(O)[C@H]1CCCN1C(=O)[C@H](C)NC(=O)[C@@H](C)NC(=O)CN1CCN(CC(=O)O)CCN(CC(=O)O)CCN(CC1)CC(=O)O,Active,428,Bsite,Nope,Si
1297093,C[C@@H](C(N1[C@@H](B(O)O)CCC1)=O)NC(CNC(CN1CCN(CC(O)=O)CCN(CC(O)=O)CCN(CC(O)=O)CC1)=O)=O,Active,73.1,Bsite,Nope,Si
1297094,CC(C)[C@H](C(N[C@@H](C)C(N1[C@@H](B(O)O)CCC1)=O)=O)NC(CNC(CN1CCN(CC(O)=O)CCN(CC(O)=O)CCN(CC(O)=O)CC1)=O)=O,Active,6.9,Bsite,Nope,Si
1297095,OB(O)[C@H]1CCCN1C(=O)[C@H](C)NC(=O)[C@H](NC(=O)CNC(=O)CN1CCN(CC(=O)O)CCN(CC(=O)O)CCN(CC1)CC(=O)O)C(C)C,Active,277,Bsite,Nope,Si
1297096,CC(C)[C@H](C(N[C@@H](C)C(N1[C@@H](B(O)O)CCC1)=O)=O)NC(CNC(CNC(CN1CCN(CC(O)=O)CCN(CC(O)=O)CCN(CC(O)=O)CC1)=O)=O)=O,Active,12,Bsite,Nope,Si
1297099,OB(O)[C@H]1CCCN1C(=O)[C@H](C)NC(=O)[C@H](NC(=O)CNC(=O)CNC(=O)CN1CCN(CC(=O)O)CCN(CC(=O)O)CCN(CC1)CC(=O)O)C(C)C,Active,3.5,Bsite,Nope,Si
1297109,CC(C)[C@@H](C(N[C@H](C)C(N1C(B(OC(CN(C)C2)=O)OC2=O)CCC1)=O)=O)NC(CNC(CNC(CN1CCN(CC(O)=O)CCN(CC(O)=O)CCN(CC(O)=O)CC1)=O)=O)=O,Active,280,Bsite,Nope,Si
1297110,CC(C)[C@@H](C(N[C@H](C)C(N(CC(C1)(F)F)[C@@H]1C#N)=O)=O)NC(CNC(CNC(CN1CCN(CC(O)=O)CCN(CC(O)=O)CCN(CC(O)=O)CC1)=O)=O)=O,Active,107,Bsite,Nope,Si
1297112,CC(C)[C@H](C(N[C@@H](C)C(N1[C@@H](B(O)O)CCC1)=O)=O)NC(CNC(CNC(CCC(C(O)=O)N1CCN(CC(O)=O)CCN(CC(O)=O)CCN(CC(O)=O)CC1)=O)=O)=O,Active,33,Bsite,Nope,Si
1297114,CC(C)[C@H](C(N[C@@H](C)C(N1[C@@H](B(O)O)CCC1)=O)=O)NC(CNC(CCC(C(O)=O)N1CCN(CC(O)=O)CCN(CC(O)=O)CCN(CC(O)=O)CC1)=O)=O,Active,8.9,Bsite,Nope,Si
1297116,CC(C)[C@H](C(N[C@@H](C)C(N1[C@@H](B(O)O)CCC1)=O)=O)NC(CNC(CC[C@@H](C(O)=O)N1CCN(CC(O)=O)CCN(CC(O)=O)CCN(CC(O)=O)CC1)=O)=O,Active,17,Bsite,Nope,Si
1297119,OB(O)[C@H]1CCCN1C(=O)[C@H](C)NC(=O)[C@H](NC(=O)CNC(=O)CC[C@H](N1CCN(CC(=O)O)CCN(CCN(CC(=O)O)CC1)CC(=O)O)C(=O)O)C(C)C,Active,310,Bsite,Nope,Si
1297125,CC(C)[C@H](C(N[C@@H](C)C(N1[C@@H](B(O)O)CCC1)=O)=O)NC(CNC(CNC(CNC(CCC(C(O)=O)N1CCN(CC(O)=O)CCN(CC(O)=O)CCN(CC(O)=O)CC1)=O)=O)=O)=O,Active,11.5,Bsite,Nope,Si
1297126,CC(C)[C@H](C(N[C@@H](C)C(N1[C@@H](B(O)O)CCC1)=O)=O)NC(CNC(CNC(CNC(CC[C@@H](C(O)=O)N1CCN(CC(O)=O)CCN(CC(O)=O)CCN(CC(O)=O)CC1)=O)=O)=O)=O,Active,11.5,Bsite,Nope,Si
1297128,OB(O)[C@H]1CCCN1C(=O)[C@H](C)NC(=O)[C@H](NC(=O)CNC(=O)CNC(=O)CNC(=O)CC[C@H](N1CCN(CC(=O)O)CCN(CCN(CC(=O)O)CC1)CC(=O)O)C(=O)O)C(C)C,Active,89,Bsite,Nope,Si
1297129,CC(C)[C@H](C(N[C@@H](C)C(N1[C@@H](B(O)O)CCC1)=O)=O)NC(CNC(CNC(CNC(CN1CCN(CC(O)=O)CCN(CC(O)=O)CCN(CC(O)=O)CC1)=O)=O)=O)=O,Active,26.8,Bsite,Nope,Si
1297130,OB(O)[C@H]1CCCN1C(=O)[C@H](C)NC(=O)[C@H](NC(=O)CNC(=O)CNC(=O)CNC(=O)CN1CCN(CC(=O)O)CCN(CC(=O)O)CCN(CC1)CC(=O)O)C(C)C,Active,439,Bsite,Nope,Si
1297131,CC(C)[C@H](C(N[C@@H](C)C(N1[C@@H](B(O)O)CCC1)=O)=O)NC(CNC(CNC(CNC(CNC(CN1CCN(CC(O)=O)CCN(CC(O)=O)CCN(CC(O)=O)CC1)=O)=O)=O)=O)=O,Active,21,Bsite,Nope,Si
1297132,OB(O)[C@H]1CCCN1C(=O)[C@H](C)NC(=O)[C@H](NC(=O)CNC(=O)CNC(=O)CNC(=O)CNC(=O)CN1CCN(CC(=O)O)CCN(CC(=O)O)CCN(CC1)CC(=O)O)C(C)C,Active,258,Bsite,Nope,Si
1297133,CC(C)[C@H](C(N[C@@H](C)C(N1[C@@H](B(O)O)CCC1)=O)=O)NC(CNC(CNC(CNC(CNC(CNC(CN1CCN(CC(O)=O)CCN(CC(O)=O)CCN(CC(O)=O)CC1)=O)=O)=O)=O)=O)=O,Active,14.8,Bsite,Nope,Si
1297134,OB(O)[C@H]1CCCN1C(=O)[C@H](C)NC(=O)[C@H](NC(=O)CNC(=O)CNC(=O)CNC(=O)CNC(=O)CNC(=O)CN1CCN(CC(=O)O)CCN(CC(=O)O)CCN(CC1)CC(=O)O)C(C)C,Active,180,Bsite,Nope,Si
1297135,CC(C)[C@H](C(N[C@@H](C)C(N1[C@@H](B(O)O)CCC1)=O)=O)NC(CNC(CNC(CNC(CNC(CNC(CNC(CN1CCN(CC(O)=O)CCN(CC(O)=O)CCN(CC(O)=O)CC1)=O)=O)=O)=O)=O)=O)=O,Active,21,Bsite,Nope,Si
1297136,CC(C)[C@H](C(N[C@@H](C)C(N1[C@@H](B(O)O)CCC1)=O)=O)NC(CNC(CNC(CNC(CNC(CCC(C(O)=O)N1CCN(CC(O)=O)CCN(CC(O)=O)CCN(CC(O)=O)CC1)=O)=O)=O)=O)=O,Active,21,Bsite,Nope,Si
1297137,CC(C)[C@H](C(N[C@@H](C)C(N1[C@@H](B(O)O)CCC1)=O)=O)NC(CNC(CNC(CNC(CNC(CNC(CCC(C(O)=O)N1CCN(CC(O)=O)CCN(CC(O)=O)CCN(CC(O)=O)CC1)=O)=O)=O)=O)=O)=O,Active,1.1,Bsite,Nope,Si
1297138,CC(C)[C@H](C(N[C@@H](C)C(N1[C@@H](B(O)O)CCC1)=O)=O)NC(CNC(CNC(CNC(CNC(CNC(CNC(CCC(C(O)=O)N1CCN(CC(O)=O)CCN(CC(O)=O)CCN(CC(O)=O)CC1)=O)=O)=O)=O)=O)=O)=O,Active,9.2,Bsite,Nope,Si
1297139,OB(O)[C@H]1CCCN1C(=O)[C@H](C)NC(=O)[C@H](NC(=O)CCCNC(=O)CN1CCN(CC(=O)O)CCN(CC(=O)O)CCN(CC(=O)O)CC1)C(C)C,Active,218,Bsite,Nope,Si
1297140,CC(C)[C@H](C(N[C@@H](C)C(N1[C@@H](B(O)O)CCC1)=O)=O)NC(CCNC(CN1CCN(CC(O)=O)CCN(CC(O)=O)CCN(CC(O)=O)CC1)=O)=O,Active,121,Bsite,Nope,Si
1297141,CC(C)[C@H](C(N[C@@H](C)C(N1[C@@H](B(O)O)CCC1)=O)=O)NC(CCCCNC(CN1CCN(CC(O)=O)CCN(CC(O)=O)CCN(CC(O)=O)CC1)=O)=O,Active,5.2,Bsite,Nope,Si
1297142,OB(O)[C@H]1CCCN1C(=O)[C@H](C)NC(=O)[C@H](NC(=O)CCCCNC(=O)CN1CCN(CC(=O)O)CCN(CC(=O)O)CCN(CC(=O)O)CC1)C(C)C,Active,110,Bsite,Nope,Si
1297144,OB(O)[C@H]1CCCN1C(=O)[C@H](C)NC(=O)[C@H](NC(=O)CCCCCCCNC(=O)CN1CCN(CC(=O)O)CCN(CC(=O)O)CCN(CC(=O)O)CC1)C(C)C,Active,219,Bsite,Nope,Si
1297145,OB(O)[C@H]1CCCN1C(=O)[C@H](C)NC(=O)[C@H](NC(=O)CCCCCNC(=O)CN1CCN(CC(=O)O)CCN(CC(=O)O)CCN(CC(=O)O)CC1)C(C)C,Active,144,Bsite,Nope,Si
1297146,OB(O)[C@H]1CCCN1C(=O)[C@H](C)NC(=O)[C@H](NC(=O)CCCCCCNC(=O)CN1CCN(CC(=O)O)CCN(CC(=O)O)CCN(CC(=O)O)CC1)C(C)C,Active,181,Bsite,Nope,Si
1297147,C[C@@H](C(N1[C@@H](B(O)O)CCC1)=O)NC(c(cc1)cnc1NNC(CN1CCN(CC(O)=O)CCN(CC(O)=O)CCN(CC(O)=O)CC1)=O)=O,Active,9,Bsite,Nope,Si
1297150,OB(O)[C@H]1CCCN1C(=O)[C@H](C)NC(=O)c1ccc(NNC(=O)CN2CCN(CC(=O)O)CCN(CC(=O)O)CCN(CC2)CC(=O)O)nc1,Active,450,Bsite,Nope,Si
1297153,OB(O)[C@H]1CCCN1C(=O)[C@H](C)NC(=O)c1ccc(cc1)NNC(=O)CN1CCN(CC(=O)O)CCN(CC(=O)O)CCN(CC(=O)O)CC1,Active,5.3,Bsite,Nope,Si
1297157,OB(O)[C@H]1CCCN1C(=O)[C@H](C)NC(=O)c1ccc(cc1)NNC(=O)CNC(=O)CN1CCN(CC(=O)O)CCN(CC(=O)O)CCN(CC(=O)O)CC1,Active,2.1,Bsite,Nope,Si
1297163,C[C@@H](C(N1[C@@H](B(O)O)CCC1)=O)NC(c1ccc(CNC(CN2CCN(CC(O)=O)CCN(CC(O)=O)CCN(CC(O)=O)CC2)=O)cc1)=O,Active,3.8,Bsite,Nope,Si
1297166,OB(O)[C@H]1CCCN1C(=O)[C@H](C)NC(=O)c1ccc(cc1)CNC(=O)CN1CCN(CC(=O)O)CCN(CC(=O)O)CCN(CC(=O)O)CC1,Active,55,Bsite,Nope,Si
1297172,C[C@@H](C(N1[C@@H](B(O)O)CCC1)=O)NC(c1cnc(CNC(CN2CCN(CC(O)=O)CCN(CC(O)=O)CCN(CC(O)=O)CC2)=O)cc1)=O,Active,2.4,Bsite,Nope,Si
1297173,OB(O)[C@H]1CCCN1C(=O)[C@H](C)NC(=O)c1ccc(nc1)CNC(=O)CN1CCN(CC(=O)O)CCN(CC(=O)O)CCN(CC1)CC(=O)O,Active,32,Bsite,Nope,Si
1297177,C[C@@H](C(N1[C@@H](B(O)O)CCC1)=O)NC(c(cc1)ccc1NC(CN1CCN(CC(O)=O)CCN(CC(O)=O)CCN(CC(O)=O)CC1)=O)=O,Active,1.6,Bsite,Nope,Si
1297178,OB(O)[C@H]1CCCN1C(=O)[C@H](C)NC(=O)c1ccc(cc1)NC(=O)CN1CCN(CC(=O)O)CCN(CC(=O)O)CCN(CC(=O)O)CC1,Active,25,Bsite,Nope,Si
1297182,OB(O)[C@H]1CCCN1C(=O)[C@H](C)NC(=O)c1ccc(NNC(=O)CCCCCNC(=O)CN2CCN(CC(=O)O)CCN(CC(=O)O)CCN(CC(=O)O)CC2)cc1,Active,2.8,Bsite,Nope,Si
1297186,OB(O)[C@H]1CCCN1C(=O)[C@H](C)NC(=O)c1ccc(cc1)NNC(=O)CCNC(=O)CN1CCN(CC(=O)O)CCN(CC(=O)O)CCN(CC(=O)O)CC1,Active,34.3,Bsite,Nope,Si
1297187,C[C@@H](C(N1[C@@H](B(O)O)CCC1)=O)NC(c(cc1)ccc1NNC(CCNC(CN1CCN(CC(O)=O)CCN(CC(O)=O)CCN(CC(O)=O)CC1)=O)=O)=O,Active,8.8,Bsite,Nope,Si
1297188,OB(O)[C@H]1CCCN1C(=O)[C@H](C)NC(=O)c1ccc(cc1)NNC(=O)CCCNC(=O)CN1CCN(CC(=O)O)CCN(CC(=O)O)CCN(CC(=O)O)CC1,Active,0.8,Bsite,Nope,Si
1297193,C[C@@H](C(N1[C@@H](B(O)O)CCC1)=O)NC(c(cc1)ccc1NC(CCCCNC(CN1CCN(CC(O)=O)CCN(CC(O)=O)CCN(CC(O)=O)CC1)=O)=O)=O,Active,1.6,Bsite,Nope,Si
1297195,OB(O)[C@H]1CCCN1C(=O)[C@H](C)NC(=O)c1ccc(cc1)NC(=O)CCCCNC(=O)CN1CCN(CC(=O)O)CCN(CC(=O)O)CCN(CC(=O)O)CC1,Active,15,Bsite,Nope,Si
1297197,C[C@@H](C(N1[C@@H](B(O)O)CCC1)=O)NC(c1ccc(CNC(CCCNC(CN2CCN(CC(O)=O)CCN(CC(O)=O)CCN(CC(O)=O)CC2)=O)=O)cc1)=O,Active,0.36,Bsite,Nope,Si
1297199,OB(O)[C@H]1CCCN1C(=O)[C@H](C)NC(=O)c1ccc(NNC(=O)CCCNC(=O)CN2CCN(CC(=O)O)CCN(CC(=O)O)CCN(CC(=O)O)CC2)nc1,Active,1,Bsite,Nope,Si
1297201,C[C@@H](C(N1[C@@H](B(O)O)CCC1)=O)NC(c(cc1)cnc1NNC(CCCCCNC(CN1CCN(CC(O)=O)CCN(CC(O)=O)CCN(CC(O)=O)CC1)=O)=O)=O,Active,3.2,Bsite,Nope,Si
1297202,OB(O)[C@H]1CCCN1C(=O)[C@H](C)NC(=O)c1ccc(NNC(=O)CCCCCNC(=O)CN2CCN(CC(=O)O)CCN(CC(=O)O)CCN(CC(=O)O)CC2)nc1,Active,1.1,Bsite,Nope,Si
1297204,C[C@@H](C(N1[C@@H](B(O)O)CCC1)=O)NC([C@H]1CC[C@H](CNC(CN2CCN(CC(O)=O)CCN(CC(O)=O)CCN(CC(O)=O)CC2)=O)CC1)=O,Active,4.7,Bsite,Nope,Si
1297207,OB(O)[C@H]1CCCN1C(=O)[C@H](C)NC(=O)[C@@H]1CC[C@H](CC1)CNC(=O)CN1CCN(CC(=O)O)CCN(CC(=O)O)CCN(CC(=O)O)CC1,Active,87,Bsite,Nope,Si
1297216,C[C@@H](C(N1[C@@H](B(O)O)CCC1)=O)NC(c(cc1)cnc1NN)=O,Active,170,Bsite,Nope,Si
1297219,C[C@@H](C(N1[C@@H](B(O)O)CCC1)=O)NC(c(cc1)cnc1NNC(CCCCCC(c(cc1)c(C2(C)C)cc1S(O)(=O)=O)=C2/C=C/C(CCC/C1=C\C=C(/C2(C)C)\N(CCCCS(O)(=O)=O)c(cc3)c2cc3S(O)(=O)=O)=C/1Oc(cc1)ccc1S(O)(=O)=O)=O)=O,Active,8.8,Bsite,Nope,Si
1297222,C[C@@H](C(N1[C@@H](B(O)O)CCC1)=O)NC(c(cc1)ccc1NNC(CCCCCC(c(cc1)c(C2(C)C)cc1S(O)(=O)=O)=C2/C=C/C(CCC/C1=C\C=C(/C2(C)C)\N(CCCCS(O)(=O)=O)c(cc3)c2cc3S(O)(=O)=O)=C/1Oc(cc1)ccc1S(O)(=O)=O)=O)=O,Active,1.7,Bsite,Nope,Si
1297226,OB(O)[C@H]1CCCN1C(=O)[C@H](C)NC(=O)[C@H](NC(=O)c1ccc(cc1)CNC(=O)CN1CCN(CC(=O)O)CCN(CC(=O)O)CCN(CC(=O)O)CC1)C(C)C,Active,65,Bsite,Nope,Si
1326880,N#CC(CSC1)N1C(CNC(c(c1c2)ccnc1ccc2N1OCCCC1)=O)=O,Active,0.099,Bsite,Nope,Si
1326882,N#CC(CSC1)N1C(CNC(c(c1cc(N2CCOCC2)ccc1nc1)c1F)=O)=O,Active,0.52,Bsite,Nope,Si
1326884,N#CC(CSC1)N1C(CNC(c1c(cc(cc2)N3CCSCC3)c2ncc1)=O)=O,Active,0.24,Bsite,Nope,Si
1326887,N#CC(CSC1)N1C(CNC(c(c1c2)ccnc1ccc2N(CCO1)CC1(F)F)=O)=O,Active,0.058,Bsite,Nope,Si
1326889,N#CC(CSC1)N1C(CNC(c(c1c2)ccnc1ccc2N(CC(O1)(F)F)CC1(F)F)=O)=O,Active,0.06,Bsite,Nope,Si
1326891,N#CC(CSC1)N1C(CNC(c(c1c2)ccnc1ccc2N1c(cccc2)c2OCC1)=O)=O,Active,0.51,Bsite,Nope,Si
1326893,C[C@H](CN(C[C@@H]1C)c2ccc3nccc(C(NCC(N(CSC4)C4C#N)=O)=O)c3c2)[C@H]1O,Active,0.16,Bsite,Nope,Si
1326895,COC(CC1)CCN1c1ccc2nccc(C(NCC(N(CSC3)C3C#N)=O)=O)c2c1,Active,0.063,Bsite,Nope,Si
1326897,Cc1c2nccc(C(NCC(N(CSC3)C3C#N)=O)=O)c2cc(N2CCOCC2)c1,Active,0.25,Bsite,Nope,Si
1326899,Cc(cc1nccc(C(NCC(N(CSC2)C2C#N)=O)=O)c1c1)c1N1CCOCC1,Active,0.054,Bsite,Nope,Si
1326901,N#CC(CSC1)N1C(CNC(c(c1c2)ccnc1ccc2N(CCC1)C1=O)=O)=O,Active,0.057,Bsite,Nope,Si
1326903,CC(C)(CCN1c2ccc3nccc(C(NCC(N(CSC4)C4C#N)=O)=O)c3c2)C1=O,Active,0.065,Bsite,Nope,Si
1326905,CC(C)(CN1c2ccc3nccc(C(NCC(N(CSC4)C4C#N)=O)=O)c3c2)OC1=O,Active,0.041,Bsite,Nope,Si
1326907,N#CC(CSC1)N1C(CNC(c(c1c2)ccnc1ccc2N(CCCC1)C1=O)=O)=O,Active,0.08,Bsite,Nope,Si
1326909,CC(C)(CCCN1c2ccc3nccc(C(NCC(N(CSC4)C4C#N)=O)=O)c3c2)C1=O,Active,0.12,Bsite,Nope,Si
1326911,CC(C)(C1=O)OCCN1c1ccc2nccc(C(NCC(N(CSC3)C3C#N)=O)=O)c2c1,Active,0.11,Bsite,Nope,Si
1326913,N#CC(CSC1)N1C(CNC(c(c1c2)ccnc1ccc2N1CC2(CCC2)C1)=O)=O,Active,0.22,Bsite,Nope,Si
1326916,CC1(C)C(C2)(CN2c2ccc3nccc(C(NCC(N(CSC4)C4C#N)=O)=O)c3c2)OC1,Active,0.19,Bsite,Nope,Si
1326919,N#CC(CSC1)N1C(CNC(c(c1c2)ccnc1ccc2N1C2(CCC2)CC1)=O)=O,Active,0.66,Bsite,Nope,Si
1326922,CC(C)(CC1)N1c1ccc2nccc(C(NCC(N(CSC3)C3C#N)=O)=O)c2c1,Active,0.74,Bsite,Nope,Si
1326925,N#CC(CSC1)N1C(CNC(c(c1c2)ccnc1ccc2N(C1)CC1F)=O)=O,Active,0.29,Bsite,Nope,Si
1326928,CC(C)(C1)CN1c1ccc2nccc(C(NCC(N(CSC3)C3C#N)=O)=O)c2c1,Active,0.34,Bsite,Nope,Si
1326931,N#CC(CSC1)N1C(CNC(c(c1c2)ccnc1ccc2N(C1)CC1(F)F)=O)=O,Active,0.31,Bsite,Nope,Si
1326934,CC(C1)(CN1c1ccc2nccc(C(NCC(N(CSC3)C3C#N)=O)=O)c2c1)F,Active,0.27,Bsite,Nope,Si
1326937,CC(C1)CN1c1ccc2nccc(C(NCC(N(CSC3)C3C#N)=O)=O)c2c1,Active,0.41,Bsite,Nope,Si
1326940,N#CC(CSC1)N1C(CNC(c(c1c2)ccnc1ccc2N(C1)CC1C(F)(F)F)=O)=O,Active,0.31,Bsite,Nope,Si
1326943,CC(CF)(C1)CN1c1ccc2nccc(C(NCC(N(CSC3)C3C#N)=O)=O)c2c1,Active,0.29,Bsite,Nope,Si
1326946,N#CC(CSC1)N1C(CNC(c(c1c2)ccnc1ccc2N(C1)CC1C(F)F)=O)=O,Active,0.26,Bsite,Nope,Si
1326949,CC(COC)(C1)CN1c1ccc2nccc(C(NCC(N(CSC3)C3C#N)=O)=O)c2c1,Active,0.13,Bsite,Nope,Si
1326952,C[C@@H]([C@@H](C1)OC)N1c1ccc2nccc(C(NCC(N(CSC3)[C@@H]3C#N)=O)=O)c2c1,Active,0.28,Bsite,Nope,Si
1326955,N#CC(CSC1)N1C(CNC(c(c1c2)ccnc1ccc2N(C1)CC1(C1CC1)F)=O)=O,Active,0.22,Bsite,Nope,Si
1326958,N#CC(CSC1)N1C(CNC(c(c1c2)ccnc1ccc2N1CCCCC1)=O)=O,Active,0.3,Bsite,Nope,Si
1326961,CC(C)(CC1)CCN1c1ccc2nccc(C(NCC(N(CSC3)C3C#N)=O)=O)c2c1,Active,0.34,Bsite,Nope,Si
1326964,CC(CC1)(CCN1c1ccc2nccc(C(NCC(N(CSC3)C3C#N)=O)=O)c2c1)F,Active,0.27,Bsite,Nope,Si
1326967,N#CC(CSC1)N1C(CNC(c(c1c2)ccnc1ccc2N(CC1)CCC1(F)F)=O)=O,Active,0.47,Bsite,Nope,Si
1326970,N#CC(CSC1)N1C(CNC(c(c1c2)ccnc1ccc2N(CCC1)CC1(F)F)=O)=O,Active,0.24,Bsite,Nope,Si
1326973,CC(CF)(CC1)CCN1c1ccc2nccc(C(NCC(N(CSC3)C3C#N)=O)=O)c2c1,Active,0.22,Bsite,Nope,Si
1326976,CC(C)(CN(CC1)c2ccc3nccc(C(NCC(N(CSC4)C4C#N)=O)=O)c3c2)C1(F)F,Active,0.1,Bsite,Nope,Si
1326978,N#CC(CSC1)N1C(CNC(c(c1c2)ccnc1ccc2N(CC1)CCC1C(F)(F)F)=O)=O,Active,0.28,Bsite,Nope,Si
1326981,N#C[C@H](CSC1)N1C(CNC(c(c1c2)ccnc1ccc2N(CCC1)C[C@H]1F)=O)=O,Active,0.24,Bsite,Nope,Si
1326984,CO[C@@H](CCC1)CN1c1ccc2nccc(C(NCC(N(CSC3)[C@@H]3C#N)=O)=O)c2c1,Active,0.33,Bsite,Nope,Si
1326987,CC(CC1)(CCN1c1ccc2nccc(C(NCC(N(CSC3)C3C#N)=O)=O)c2c1)OC,Active,0.053,Bsite,Nope,Si
1326989,CC(C)OC(CC1)CCN1c1ccc2nccc(C(NCC(N(CSC3)C3C#N)=O)=O)c2c1,Active,0.045,Bsite,Nope,Si
1326991,C[C@@H](CC(CC1)(F)F)N1c1ccc2nccc(C(NCC(N(CSC3)[C@@H]3C#N)=O)=O)c2c1,Active,0.22,Bsite,Nope,Si
1326994,N#C[C@@H](CSC1)N1C(CNC(c(c1c2)ccnc1ccc2N1[C@@H](CF)CCCC1)=O)=O,Active,0.2,Bsite,Nope,Si
1326997,N#CC(CSC1)N1C(CNC(c(c1c2)ccnc1ccc2N1CC2(CC2)CCC1)=O)=O,Active,0.29,Bsite,Nope,Si
1327000,N#CC(CSC1)N1C(CNC(c(c1c2)ccnc1ccc2N(CC1)CC1(F)F)=O)=O,Active,0.22,Bsite,Nope,Si
1327003,CC(C)(CC1)CN1c1ccc2nccc(C(NCC(N(CSC3)C3C#N)=O)=O)c2c1,Active,0.29,Bsite,Nope,Si
1327006,N#CC(CSC1)N1C(CNC(c(c1c2)ccnc1ccc2N1CC2(CC2)CC1)=O)=O,Active,0.19,Bsite,Nope,Si
1327009,N#CC(CSC1)N1C(CNC(c(c1c2)ccnc1ccc2N(C[C@H]1F)C[C@@H]1F)=O)=O,Active,0.34,Bsite,Nope,Si
1327012,N#C[C@H](CSC1)N1C(CNC(c(c1c2)ccnc1ccc2N(CC1)C[C@H]1F)=O)=O,Active,0.21,Bsite,Nope,Si
1327015,N#C[C@H](CSC1)N1C(CNC(c(c1c2)ccnc1ccc2N(CC1)C[C@@H]1F)=O)=O,Active,0.2,Bsite,Nope,Si
1327018,N#CC(CSC1)N1C(CNC(c(c1c2)ccnc1ccc2N1CC(CCC2)C2C1)=O)=O,Active,0.27,Bsite,Nope,Si
1327021,C[C@@H](CC1)CN1c1ccc2nccc(C(NCC(N(CSC3)[C@@H]3C#N)=O)=O)c2c1,Active,0.22,Bsite,Nope,Si
1327024,C[C@H](CC1)CN1c1ccc2nccc(C(NCC(N(CSC3)[C@@H]3C#N)=O)=O)c2c1,Active,0.25,Bsite,Nope,Si
1327027,N#C[C@H](CSC1)N1C(CNC(c(c1c2)ccnc1ccc2N(CCC1)[C@@H]1C(F)(F)F)=O)=O,Active,0.44,Bsite,Nope,Si
1327030,CC(C)(CCC1)N1c1ccc2nccc(C(NCC(N(CSC3)C3C#N)=O)=O)c2c1,Active,0.26,Bsite,Nope,Si
1327033,N#C[C@H](CSC1)N1C(CNC(c(c1c2)ccnc1ccc2N1[C@@H](CF)CC2(CC2)C1)=O)=O,Active,0.23,Bsite,Nope,Si
1327036,N#C[C@@H](CSC1)N1C(CNC(c(c1c2)ccnc1ccc2N(CCCC1)C[C@H]1F)=O)=O,Active,0.27,Bsite,Nope,Si
1327039,N#C[C@H](CSC1)N1C(CNC(c(c1c2)ccnc1ccc2N(CCCC1)C[C@H]1F)=O)=O,Active,0.22,Bsite,Nope,Si
1327042,C[C@@H](CC1)OCCN1c1ccc2nccc(C(NCC(N(CSC3)[C@H]3C#N)=O)=O)c2c1,Active,0.21,Bsite,Nope,Si
1327045,C[C@@H](CC1)OCCN1c1ccc2nccc(C(NCC(N(CSC3)[C@@H]3C#N)=O)=O)c2c1,Active,0.25,Bsite,Nope,Si
1327048,C[C@@H](COCCC1)N1c1ccc2nccc(C(NCC(N(CSC3)[C@@H]3C#N)=O)=O)c2c1,Active,0.33,Bsite,Nope,Si
1327051,C[C@@H](C1)OCCCN1c1ccc2nccc(C(NCC(N(CSC3)[C@H]3C#N)=O)=O)c2c1,Active,0.28,Bsite,Nope,Si
1327054,C[C@@H](CCC1)N1c1ccc2nccc(C(NCC(N(CSC3)[C@@H]3C#N)=O)=O)c2c1,Active,0.28,Bsite,Nope,Si
1327057,COC(C1)CN1c1ccc2nccc(C(NCC(N(CSC3)C3C#N)=O)=O)c2c1,Active,0.077,Bsite,Nope,Si
1327059,N#CC(CSC1)N1C(CNC(c(c1c2)ccnc1ccc2N1CCOCC1)=O)=O,Active,0.37,Bsite,Nope,Si
1327062,C[C@H](C1)O[C@@H](C)CN1c1ccc2nccc(C(NCC(N(CSC3)C3C#N)=O)=O)c2c1,Active,0.37,Bsite,Nope,Si
1327065,N#C[C@H](CSC1)N1C(CNC(c(c1c2)ccnc1ccc2N1C[C@H](CF)OCC1)=O)=O,Active,0.29,Bsite,Nope,Si
1327068,C[C@H](C1)O[C@H](C)CN1c1ccc2nccc(C(NCC(N(CSC3)[C@@H]3C#N)=O)=O)c2c1,Active,0.12,Bsite,Nope,Si
1327070,N#C[C@@H](CSC1)N1C(CNC(c(c1c2)ccnc1ccc2N1C[C@H](CF)OCC1)=O)=O,Active,0.22,Bsite,Nope,Si
1327073,C[C@@H](C1)OCCN1c1ccc2nccc(C(NCC(N(CSC3)[C@H]3C#N)=O)=O)c2c1,Active,0.079,Bsite,Nope,Si
1327075,N#C[C@@H](CSC1)N1C(CNC(c(c1c2)ccnc1ccc2N1C[C@@H](C(F)(F)F)OCC1)=O)=O,Active,0.13,Bsite,Nope,Si
1327077,N#C[C@H](CSC1)N1C(CNC(c(c1c2)ccnc1ccc2N1C[C@@H](C(F)(F)F)OCC1)=O)=O,Active,0.094,Bsite,Nope,Si
1327079,N#C[C@H](CSC1)N1C(CNC(c(c1c2)ccnc1ccc2N1[C@@H](C2)CO[C@@H]2C1)=O)=O,Active,0.05,Bsite,Nope,Si
1327081,N#C[C@H](CSC1)N1C(CNC(c(c1c2)ccnc1ccc2N1[C@H](C2)CO[C@H]2C1)=O)=O,Active,0.08,Bsite,Nope,Si
1327083,N#CC(CSC1)N1C(CNC(c(c1c2)ccnc1ccc2N1CC(C2)OC2C1)=O)=O,Active,0.051,Bsite,Nope,Si
1327085,C[C@@H](C1)O[C@@H](C)CN1c1ccc2nccc(C(NCC(N(CSC3)[C@@H]3C#N)=O)=O)c2c1,Active,0.097,Bsite,Nope,Si
1327087,N#CC(CSC1)N1C(CNC(c(c1c2)ccnc1ccc2N1CC(CC2)OC2C1)=O)=O,Active,0.043,Bsite,Nope,Si
1327089,C[C@@H](C1)OCCN1c1ccc2nccc(C(NCC(N(CSC3)[C@@H]3C#N)=O)=O)c2c1,Active,0.1,Bsite,Nope,Si
1327091,C[C@H]([C@H](C)OCC1)N1c1ccc2nccc(C(NCC(N(CSC3)[C@H]3C#N)=O)=O)c2c1,Active,0.13,Bsite,Nope,Si
1327093,C[C@@H]([C@H](C)OCC1)N1c1ccc2nccc(C(NCC(N(CSC3)[C@@H]3C#N)=O)=O)c2c1,Active,0.11,Bsite,Nope,Si
1327095,C[C@@H]([C@H](C)OCC1)N1c1ccc2nccc(C(NCC(N(CSC3)[C@H]3C#N)=O)=O)c2c1,Active,0.082,Bsite,Nope,Si
1327097,N#C[C@@H](CSC1)N1C(CNC(c(c1c2)ccnc1ccc2N(CCOC1)[C@@H]1C(F)(F)F)=O)=O,Active,0.074,Bsite,Nope,Si
1327101,N#CC(CSC1)N1C(CNC(c(c1c2)ccnc1ccc2N1C2COCC1CCC2)=O)=O,Active,0.074,Bsite,Nope,Si
1327103,C[C@@H](CO[C@@H](C)C1)N1c1ccc2nccc(C(NCC(N(CSC3)[C@H]3C#N)=O)=O)c2c1,Active,0.4,Bsite,Nope,Si
1327106,CC(C)(C1)OCCN1c1ccc2nccc(C(NCC(N(CSC3)C3C#N)=O)=O)c2c1,Active,0.31,Bsite,Nope,Si
1327109,COC[C@@H](COCC1)N1c1ccc2nccc(C(NCC(N(CSC3)[C@@H]3C#C)=O)=O)c2c1,Active,0.096,Bsite,Nope,Si
1327111,C[C@H](COC[C@@H]1C)N1c1ccc2nccc(C(NCC(N(CSC3)C3C#N)=O)=O)c2c1,Active,0.75,Bsite,Nope,Si
1327114,N#CC(CSC1)N1C(CNC(c(c1c2)ccnc1ccc2N1CCOCCC1)=O)=O,Active,0.088,Bsite,Nope,Si
1327116,CS(C[C@@H](C1)OCCN1c(ccc1ncc2)cc1c2C(NCC(N(CSC1)[C@@H]1C#N)=O)=O)(=O)=O,Active,0.074,Bsite,Nope,Si
1327118,COC[C@@H](C1)OCCN1c1ccc2nccc(C(NCC(N(CSC3)[C@H]3C#N)=O)=O)c2c1,Active,0.091,Bsite,Nope,Si
1327120,CS(C[C@@H](C1)OCCN1c(ccc1ncc2)cc1c2C(NCC(N(CSC1)[C@H]1C#N)=O)=O)(=O)=O,Active,0.071,Bsite,Nope,Si
1327122,COCC[C@@H](COCC1)N1c1ccc2nccc(C(NCC(N(CSC3)[C@H]3C#N)=O)=O)c2c1,Active,0.16,Bsite,Nope,Si
1327124,C[C@@H]([C@@H]1COC)OCCN1c1ccc2nccc(C(NCC(N(CSC3)[C@@H]3C#N)=O)=O)c2c1,Active,0.17,Bsite,Nope,Si
1327126,C[C@@H]([C@@H]1COC)OCCN1c1ccc2nccc(C(NCC(N(CSC3)[C@H]3C#N)=O)=O)c2c1,Active,0.23,Bsite,Nope,Si
1327128,N#CC(CSC1)N1C(CNC(c(c1c2)ccnc1ccc2N1C2COCC1CC2)=O)=O,Active,0.27,Bsite,Nope,Si
1327131,N#CC(CSC1)N1C(CNC(c(c1c2)ccnc1ccc2N1CC2(CCOCC2)OCC1)=O)=O,Active,0.12,Bsite,Nope,Si
1327133,C[C@H](COC[C@@H]1C)N1c(c(Br)cc1ncc2)cc1c2C(NCC(N(CSC1)C1C#N)=O)=O,Active,0.5,Bsite,Nope,Si
1327136,N#CC(CSC1)N1C(CNC(c(ccnc1cc2)c1c(Cl)c2N1CCOCC1)=O)=O,Active,0.38,Bsite,Nope,Si
1327139,C[C@@H](COCC1)N1c1ccc2nccc(C(NCC(N(CSC3)[C@@H]3C#N)=O)=O)c2c1,Active,0.21,Bsite,Nope,Si
1327142,C[C@@H](COC[C@@H]1C)N1c1ccc2nccc(C(NCC(N(CSC3)[C@@H]3C#N)=O)=O)c2c1,Active,0.31,Bsite,Nope,Si
1327145,N#CC(CSC1)N1C(CNC(c(c1c2)ccnc1ccc2N1C2(CCC2)COCC1)=O)=O,Active,0.21,Bsite,Nope,Si
1327148,C[C@H](COC[C@H]1C)N1c1ccc2nccc(C(NCC(N(CSC3)[C@@H]3C#N)=O)=O)c2c1,Active,0.37,Bsite,Nope,Si
1327151,CC[C@@H](COCC1)N1c1ccc2nccc(C(NCC(N(CSC3)[C@@H]3C#N)=O)=O)c2c1,Active,0.23,Bsite,Nope,Si
1327154,CC(C)(COCC1)N1c1ccc2nccc(C(NCC(N(CSC3)C3C#N)=O)=O)c2c1,Active,0.64,Bsite,Nope,Si
1327157,C[C@@H](COCC1)N1c1ccc2nccc(C(NCC(N(CSC3)[C@H]3C#N)=O)=O)c2c1,Active,0.28,Bsite,Nope,Si
1327162,N#CC(CSC1)N1C(CNC(c(c1c2)ccnc1ccc2N(CCC1(CCCCC1)O1)C1=O)=O)=O,Active,0.054,Bsite,Nope,Si
1327164,N#CC(CSC1)N1C(CNC(c(c1c2)ccnc1ccc2N(CCC1(CCCC1)O1)C1=O)=O)=O,Active,0.064,Bsite,Nope,Si
1327166,CC(C)(CCN1c2ccc3nccc(C(NCC(N(CSC4)C4C#N)=O)=O)c3c2)OC1=O,Active,0.2,Bsite,Nope,Si
1327168,N#CC(CSC1)N1C(CNC(c(c1c2)ccnc1ccc2N1CC(CF)C1)=O)=O,Active,0.25,Bsite,Nope,Si
1327171,N#CC(CSC1)N1C(CNC(c(c1c2)ccnc1ccc2-[n]1ncc2c1CCCC2)=O)=O,Active,0.072,Bsite,Nope,Si
1327173,N#CC(CSC1)N1C(CNC(c(c1c2)ccnc1ccc2-[n]1nc(CCCC2)c2c1)=O)=O,Active,0.04,Bsite,Nope,Si
1327175,Cc1cc(C(F)(F)F)n[n]1-c1ccc2nccc(C(NCC(N(CSC3)C3C#N)=O)=O)c2c1,Active,0.16,Bsite,Nope,Si
1327177,CC(C)(CCc1c2)c1n[n]2-c1ccc2nccc(C(NCC(N(CSC3)C3C#N)=O)=O)c2c1,Active,0.061,Bsite,Nope,Si
1327179,N#CC(CSC1)N1C(CNC(c(c1c2)ccnc1ccc2-[n]1nc(C(F)(F)F)cc1)=O)=O,Active,0.1,Bsite,Nope,Si
1327181,N#CC(CSC1)N1C(CNC(c(c1c2)ccnc1ccc2-[n](cc1)c2c1c(F)cc(F)c2)=O)=O,Active,0.16,Bsite,Nope,Si
1327183,N#CC(CSC1)N1C(CNC(c(c1c2)ccnc1ccc2-[n](cc1)c(cc2)c1cc2F)=O)=O,Active,0.15,Bsite,Nope,Si
1327185,Cc(cc1)c[n]1-c1ccc2nccc(C(NCC(N(CSC3)C3C#N)=O)=O)c2c1,Active,0.15,Bsite,Nope,Si
1327187,N#CC(CSC1)N1C(CNC(c(c1c2)ccnc1ccc2N(C1)CC1N1CCOCC1)=O)=O,Active,0.049,Bsite,Nope,Si
1327189,CC1(C)C[n]2ncc(-c3ccc4nccc(C(NCC(N(CSC5)C5C#N)=O)=O)c4c3)c2C1,Active,0.25,Bsite,Nope,Si
1327192,N#CC(CSC1)N1C(CNC(c(c1c2)ccnc1ccc2-c1cc(F)ncc1)=O)=O,Active,0.24,Bsite,Nope,Si
1327195,N#CC(CSC1)N1C(CNC(c(c1c2)ccnc1ccc2-c(cc1)ncc1F)=O)=O,Active,0.21,Bsite,Nope,Si
1327198,N#CC(CSC1)N1C(CNC(c(c1c2)ccnc1ccc2-c1cnccc1)=O)=O,Active,0.32,Bsite,Nope,Si
1327201,N#CC(CSC1)N1C(CNC(c(c1c2)ccnc1ccc2-c1cncnc1)=O)=O,Active,0.38,Bsite,Nope,Si
1327204,Cc(nccc1)c1-c1ccc2nccc(C(NCC(N(CSC3)C3C#N)=O)=O)c2c1,Active,0.45,Bsite,Nope,Si
1327207,C[n]1ncc(-c2ccc3nccc(C(NCC(N(CSC4)C4C#N)=O)=O)c3c2)c1,Active,0.2,Bsite,Nope,Si
1327210,N#CC(CSC1)N1C(CNC(c(c1c2)ccnc1ccc2N(C1)CC1OCC(F)(F)F)=O)=O,Active,0.19,Bsite,Nope,Si
1327212,CC(CC(F)(F)F)(C1)CN1c1ccc2nccc(C(NCC(N(CSC3)C3C#N)=O)=O)c2c1,Active,0.12,Bsite,Nope,Si
1327214,N#CC(CSC1)N1C(CNC(c(c1c2)ccnc1ccc2N(C1)CC1OC(F)(F)F)=O)=O,Active,0.41,Bsite,Nope,Si
1327216,CC(CC(F)F)(C1)CN1c1ccc2nccc(C(NCC(N(CSC3)C3C#N)=O)=O)c2c1,Active,0.1,Bsite,Nope,Si
1327218,CC(C1)(CN1c1ccc2nccc(C(NCC(N(CSC3)C3C#N)=O)=O)c2c1)C1CC1,Active,0.13,Bsite,Nope,Si
1327220,CC(C1)(CN1c1ccc2nccc(C(NCC(N(CSC3)C3C#N)=O)=O)c2c1)C(F)F,Active,0.11,Bsite,Nope,Si
1327222,N#CC(CSC1)N1C(CNC(c(c1c2)ccnc1ccc2N(C1)CC1OC(F)F)=O)=O,Active,0.061,Bsite,Nope,Si
1327224,CCC(C)(C1)CN1c1ccc2nccc(C(NCC(N(CSC3)C3C#N)=O)=O)c2c1,Active,0.11,Bsite,Nope,Si
1327226,CCC(C1)(CN1c1ccc2nccc(C(NCC(N(CSC3)C3C#N)=O)=O)c2c1)F,Active,0.047,Bsite,Nope,Si
1327228,N#CC(CSC1)N1C(CNC(c(c1c2)ccnc1ccc2N(C1)CC11CCCC1)=O)=O,Active,0.32,Bsite,Nope,Si
1327230,CC(CC(C1)CN1c1ccc2nccc(C(NCC(N(CSC3)C3C#N)=O)=O)c2c1)(F)F,Active,0.1,Bsite,Nope,Si
1327232,N#CC(CSC1)N1C(CNC(c(c1c2)ccnc1ccc2N(C1)CC1(CCC1)C1(F)F)=O)=O,Active,0.059,Bsite,Nope,Si
1327234,N#CC(CSC1)N1C(CNC(c(c1c2)ccnc1ccc2N1CC(CCC(F)(F)F)C1)=O)=O,Active,0.088,Bsite,Nope,Si
1327236,N#CC(CSC1)N1C(CNC(c(c1c2)ccnc1ccc2N(C1)CC1(C(F)(F)F)F)=O)=O,Active,0.069,Bsite,Nope,Si
1327238,N#CC(CSC1)N1C(CNC(c(c1c2)ccnc1ccc2N1CC(CC(F)F)C1)=O)=O,Active,0.081,Bsite,Nope,Si
1327240,N#CC(CSC1)N1C(CNC(c(c1c2)ccnc1ccc2N(C1)CC1C1CC1)=O)=O,Active,0.07,Bsite,Nope,Si
1327242,N#CC(CSC1)N1C(CNC(c(c1c2)ccnc1ccc2N1CC(CCF)C1)=O)=O,Active,0.15,Bsite,Nope,Si
1327244,CC(C(C1)CN1c1ccc2nccc(C(NCC(N(CSC3)C3C#N)=O)=O)c2c1)(F)F,Active,0.067,Bsite,Nope,Si
1327246,CC(C)C(C1)CN1c1ccc2nccc(C(NCC(N(CSC3)C3C#N)=O)=O)c2c1,Active,0.059,Bsite,Nope,Si
1327248,CC(C1)CC1(C1)CN1c1ccc2nccc(C(NCC(N(CSC3)C3C#N)=O)=O)c2c1,Active,0.097,Bsite,Nope,Si
1327250,N#CC(CSC1)N1C(CNC(c(c1c2)ccnc1ccc2N1CC(C2)(CC2C(F)(F)F)C1)=O)=O,Active,0.5,Bsite,Nope,Si
1327252,CC(C1)(CN1c1ccc2nccc(C(NCC(N(CSC3)C3C#N)=O)=O)c2c1)OC,Active,0.13,Bsite,Nope,Si
1327254,CCOC(C)(C1)CN1c1ccc2nccc(C(NCC(N(CSC3)C3C#N)=O)=O)c2c1,Active,0.062,Bsite,Nope,Si
1327256,N#CC(CSC1)N1C(CNC(c(c1c2)ccnc1ccc2N(C1)CC11OCC1)=O)=O,Active,0.11,Bsite,Nope,Si
1327258,CCC(C1)(CN1c1ccc2nccc(C(NCC(N(CSC3)C3C#N)=O)=O)c2c1)O,Active,0.092,Bsite,Nope,Si
1327260,N#CC(CSC1)N1C(CNC(c(c1c2)ccnc1ccc2N1CC(C2)(CC2F)C1)=O)=O,Active,0.086,Bsite,Nope,Si
1327262,N#C[C@H](CSC1)N1C(CNC(c(c1c2)ccnc1ccc2N(C1)[C@@H]2[C@H]1CCC2)=O)=O,Active,0.22,Bsite,Nope,Si
1327264,N#CC(CSC1)N1C(CNC(c(c1c2)ccnc1ccc2N(C1)CC1(CF)F)=O)=O,Active,0.37,Bsite,Nope,Si
1327266,N#CC(CSC1)N1C(CNC(c(c1c2)ccnc1ccc2N1CC(CC(F)(F)F)C1)=O)=O,Active,0.1,Bsite,Nope,Si
1327268,C[C@H](C(C1)(F)F)N1c1ccc2nccc(C(NCC(N(CSC3)[C@@H]3C#N)=O)=O)c2c1,Active,0.073,Bsite,Nope,Si
1327270,N#CC(CSC1)N1C(CNC(c(c1c2)ccnc1ccc2N(CC12)CC1C2(F)F)=O)=O,Active,0.05,Bsite,Nope,Si
1327272,CO[C@H](CC1)CN1c1ccc2nccc(C(NCC(N(CSC3)[C@@H]3C#N)=O)=O)c2c1,Active,0.052,Bsite,Nope,Si
1327274,N#CC(CSC1)N1C(CNC(c(c1c2)ccnc1ccc2N(CC1)CCC11CCOCC1)=O)=O,Active,0.053,Bsite,Nope,Si
1327276,N#CC(CSC1)N1C(CNC(c(c1c2)ccnc1ccc2N(C1)CC11OCCO1)=O)=O,Active,0.079,Bsite,Nope,Si
1327278,N#CC(CSC1)N1C(CNC(c(c1c2)ccnc1ccc2N1CC2(CC2)C1)=O)=O,Active,0.081,Bsite,Nope,Si
1327280,CC(C1)(CN1c1ccc2nccc(C(NCC(N(CSC3)C3C#N)=O)=O)c2c1)O,Active,0.32,Bsite,Nope,Si
1327282,N#CC(CSC1)N1C(CNC(c(c1c2)ccnc1ccc2N(C1)CC11COC1)=O)=O,Active,0.34,Bsite,Nope,Si
1327285,C[C@](CC1)(CN1c1ccc2nccc(C(NCC(N(CSC3)[C@H]3C#N)=O)=O)c2c1)O,Active,0.091,Bsite,Nope,Si
1327286,C[C@](CC1)(CN1c1ccc2nccc(C(NCC(N(CSC3)[C@@H]3C#N)=O)=O)c2c1)O,Active,0.16,Bsite,Nope,Si
1327288,N#CC(CSC1)N1C(CNC(c(c1c2)ccnc1ccc2-c1cnc(C(F)F)cc1)=O)=O,Active,0.22,Bsite,Nope,Si
1327291,N#CC(CSC1)N1C(CNC(c(c1c2)ccnc1ccc2-c1c[n](C2CC2)nc1)=O)=O,Active,0.24,Bsite,Nope,Si
1327294,Cc1n[n](C)cc1-c1ccc2nccc(C(NCC(N(CSC3)C3C#N)=O)=O)c2c1,Active,0.28,Bsite,Nope,Si
1327297,Cc([n](C1CCOCC1)nc1C)c1-c1ccc2nccc(C(NCC(N(CSC3)C3C#N)=O)=O)c2c1,Active,0.55,Bsite,Nope,Si
1327300,N#CC(CSC1)N1C(CNC(c(c1c2)ccnc1ccc2-c1c[n](C2CCOCC2)nc1)=O)=O,Active,0.27,Bsite,Nope,Si
1327303,C[n]1nccc1-c1ccc2nccc(C(NCC(N(CSC3)C3C#N)=O)=O)c2c1,Active,0.44,Bsite,Nope,Si
1327306,N#CC(CSC1)N1C(CNC(c(c1c2)ccnc1ccc2-c1cnc2[n]1CCCC2)=O)=O,Active,0.34,Bsite,Nope,Si
1327309,N#C[C@@H](CSC1)N1C(CNC(c(c1c2)ccnc1ccc2-c1ccn[n]1[C@H]1OCCCC1)=O)=O,Active,0.54,Bsite,Nope,Si
1327312,Cc(cc1)ncc1-c1ccc2nccc(C(NCC(N(CSC3)C3C#N)=O)=O)c2c1,Active,0.29,Bsite,Nope,Si
1327315,COc(cc1)ncc1-c1ccc2nccc(C(NCC(N(CSC3)C3C#N)=O)=O)c2c1,Active,0.2,Bsite,Nope,Si
1327318,N#CC(CSC1)N1C(CNC(c1c(cc(c(Cl)c2)N3CCOCC3)c2ncc1)=O)=O,Active,0.048,Bsite,Nope,Si
1327320,N#CC(CSC1)N1C(CNC(c1c(cc(cc2Cl)N3CCOCC3)c2ncc1)=O)=O,Active,0.2,Bsite,Nope,Si
1327322,CC(CNC(C)=O)(C1)CN1c1ccc2nccc(C(NCC(N(CSC3)C3C#N)=O)=O)c2c1,Active,0.94,Bsite,Nope,Si
1327325,N#CC(CSC1)N1C(CNC(c(c1c2)ccnc1ccc2N(C1)CC1(c1ccccc1)F)=O)=O,Active,0.41,Bsite,Nope,Si
1327328,Cc1ccc(C(C2)CN2c2ccc3nccc(C(NCC(N(CSC4)C4C#N)=O)=O)c3c2)cc1,Active,0.33,Bsite,Nope,Si
1327331,CC(N(C1)CC1(C1)CN1c1ccc2nccc(C(NCC(N(CSC3)C3C#N)=O)=O)c2c1)=O,Active,0.4,Bsite,Nope,Si
1327334,N#CC(CSC1)N1C(CNC(c(c1c2)ccnc1ccc2N(C1)CC1c(cc1)ccc1F)=O)=O,Active,0.23,Bsite,Nope,Si
1327337,Cc1cccc(C(C2)CN2c2ccc3nccc(C(NCC(N(CSC4)C4C#N)=O)=O)c3c2)c1,Active,0.27,Bsite,Nope,Si
1327340,N#CC(CSC1)N1C(CNC(c1c(cc(cc2)N3CC(Cc(cc4)ccc4Cl)C3)c2ncc1)=O)=O,Active,0.098,Bsite,Nope,Si
1327343,CC(CS(C)(=O)=O)(C1)CN1c(ccc1ncc2)cc1c2C(NCC(N(CSC1)C1C#N)=O)=O,Active,0.28,Bsite,Nope,Si
1327346,CCC(CC1)(CCN1c1ccc2nccc(C(NCC(N(CSC3)C3C#N)=O)=O)c2c1)O,Active,0.056,Bsite,Nope,Si
1327348,CC(CC1)(CCN1c1ccc2nccc(C(NCC(N(CSC3)C3C#N)=O)=O)c2c1)O,Active,0.069,Bsite,Nope,Si
1327350,CCC(CC1)(CCN1c1ccc2nccc(C(NCC(N(CSC3)C3C#N)=O)=O)c2c1)OC,Active,0.038,Bsite,Nope,Si
1327352,CC(C)C(CC1)(CCN1c1ccc2nccc(C(NCC(N(CSC3)C3C#N)=O)=O)c2c1)O,Active,0.051,Bsite,Nope,Si
1327354,C[C@H](CN(C[C@@H]1C)c2ccc3nccc(C(NCC(N(CSC4)C4C#N)=O)=O)c3c2)[C@@]1(C)O,Active,0.24,Bsite,Nope,Si
1327356,N#CC(CSC1)N1C(CNC(c(c1c2)ccnc1ccc2N1C[C@H](CCC2)O[C@H]2C1)=O)=O,Active,0.046,Bsite,Nope,Si
1327358,CN(CC1)CCC1(c1ccc2nccc(C(NCC(N(CSC3)C3C#N)=O)=O)c2c1)F,Active,0.39,Bsite,Nope,Si
1327360,N#CC(CSC1)N1C(CNC(c(c1c2)ccnc1ccc2-c1ccn[nH]1)=O)=O,Active,0.19,Bsite,Nope,Si
1327363,CC(C)[n]1nccc1-c1ccc2nccc(C(NCC(N(CSC3)C3C#N)=O)=O)c2c1,Active,0.72,Bsite,Nope,Si
1327366,C[C@](CC1)(CN1c1ccc2nccc(C(NCC(N(CSC3)[C@@H]3C#N)=O)=O)c2c1)F,Active,0.056,Bsite,Nope,Si
1327368,N#C[C@H](CSC1)N1C(CNC(c(c1c2)ccnc1ccc2N(CCC1)[C@H]1C1CC1)=O)=O,Active,0.3,Bsite,Nope,Si
1327370,N#C[C@H](CSC1)N1C(CNC(c(c1c2)ccnc1ccc2N(CCC1)[C@@H]1C1CC1)=O)=O,Active,0.24,Bsite,Nope,Si
1327372,C[C@@H](CCN1c2ccc3nccc(C(NCC(N(CSC4)[C@@H]4C#N)=O)=O)c3c2)C1=O,Active,0.0249,Bsite,Nope,Si
1327374,C[C@H](CCN1c2ccc3nccc(C(NCC(N(CSC4)[C@@H]4C#N)=O)=O)c3c2)C1=O,Active,0.044,Bsite,Nope,Si
1327376,C[C@@H](CCCN1c2ccc3nccc(C(NCC(N(CSC4)[C@@H]4C#N)=O)=O)c3c2)C1=O,Active,0.26,Bsite,Nope,Si
1327378,C[C@@H](CCCN1c2ccc3nccc(C(NCC(N(CSC4)[C@H]4C#N)=O)=O)c3c2)C1=O,Active,0.067,Bsite,Nope,Si
1327380,N#CC(CSC1)N1C(CNC(c(c1c2)ccnc1ccc2N(CC1)CCC1F)=O)=O,Active,0.27,Bsite,Nope,Si
1327383,N#CC(CSC1)N1C(CNC(c(c1c2)ccnc1ccc2N1CC(C2)C2C1)=O)=O,Active,0.22,Bsite,Nope,Si
1327386,CO[C@@H](CC1)CN1c1ccc2nccc(C(NCC(N(CSC3)[C@@H]3C#N)=O)=O)c2c1,Active,0.17,Bsite,Nope,Si
1327388,N#CC(CSC1)N1C(CNC(c(c1c2)ccnc1ccc2N(C[C@H]12)C[C@@H]1[C@H]2C(F)(F)F)=O)=O,Active,0.22,Bsite,Nope,Si
1327391,N#CC(CSC1)N1C(CNC(c(c1c2)ccnc1ccc2N1C2CCC1CC2)=O)=O,Active,0.44,Bsite,Nope,Si
1327394,N#C[C@H](CSC1)N1C(CNC(c(c1c2)ccnc1ccc2N1[C@@H](CC2)C[C@@H]2C1)=O)=O,Active,0.44,Bsite,Nope,Si
1327397,C[C@H](CCC1)N1c1ccc2nccc(C(NCC(N(CSC3)[C@@H]3C#N)=O)=O)c2c1,Active,0.2,Bsite,Nope,Si
1327400,COC[C@H](CCC1)N1c1ccc2nccc(C(NCC(N(CSC3)[C@@H]3C#N)=O)=O)c2c1,Active,0.29,Bsite,Nope,Si
1327403,N#C[C@H](CSC1)N1C(CNC(c(c1c2)ccnc1ccc2N(C[C@@H]1F)C[C@@H]1F)=O)=O,Active,0.18,Bsite,Nope,Si
1327406,N#C[C@H](CSC1)N1C(CNC(c(c1c2)ccnc1ccc2N(C[C@H]1F)C[C@H]1F)=O)=O,Active,0.2,Bsite,Nope,Si
1327409,Cc1c(-c2ccc3nccc(C(NCC(N(CSC4)C4C#N)=O)=O)c3c2)[o]c(C)n1,Active,0.41,Bsite,Nope,Si
1327412,Cc1n[o]c(C)c1-c1ccc2nccc(C(NCC(N(CSC3)C3C#N)=O)=O)c2c1,Active,2.4,Bsite,Nope,Si
1327415,N#CC(CSC1)N1C(CNC(c(c1c2)ccnc1ccc2-[n]1c(-c2ccccc2)ncc1)=O)=O,Active,0.67,Bsite,Nope,Si
1327417,N#CC(CSC1)N1C(CNC(c(c1c2)ccnc1ccc2-[n](cc1)cc1-c1ccccc1)=O)=O,Active,0.068,Bsite,Nope,Si
1327419,N#CC(CSC1)N1C(CNC(c(c1c2)ccnc1ccc2-[n]1c(CCCC2)c2cc1)=O)=O,Active,0.11,Bsite,Nope,Si
1327421,N#C[C@H](CSC1)N1C(CNC(c(c1c2)ccnc1ccc2N1C[C@H](CO)CC1)=O)=O,Active,0.091,Bsite,Nope,Si
1327423,N#C[C@H](CSC1)N1C(CNC(c(c1c2)ccnc1ccc2N1C[C@@H](CO)CC1)=O)=O,Active,0.17,Bsite,Nope,Si
1327425,N#CC(CSC1)N1C(CNC(c(c1c2)ccnc1ccc2N(C1)CC11SCC1)=O)=O,Active,0.087,Bsite,Nope,Si
1327427,N#CC(CSC1)N1C(CNC(c(c1c2)ccnc1ccc2N(CC1)CCC1(c1ccccc1)F)=O)=O,Active,0.076,Bsite,Nope,Si
1327429,N#C[C@H](CSC1)N1C(CNC(c(c1c2)ccnc1ccc2N(C[C@@H]1O)CC1(F)F)=O)=O,Active,0.073,Bsite,Nope,Si
1327431,C[C@H](C1)[C@H](C)CN1c1ccc2nccc(C(NCC(N(CSC3)[C@@H]3C#N)=O)=O)c2c1,Active,0.11,Bsite,Nope,Si
1327435,N#CC(CSC1)N1C(CNC(c(c1c2)ccnc1ccc2N(CC1)CCC11OCCO1)=O)=O,Active,0.087,Bsite,Nope,Si
1327436,N#CC(CSC1)N1C(CNC(c(c1c2)ccnc1ccc2N1CCC2(COC2)CC1)=O)=O,Active,0.091,Bsite,Nope,Si
1327438,N#CC(CSC1)N1C(CNC(c(c1c2)ccnc1ccc2N(CC1)CCC1=O)=O)=O,Active,0.078,Bsite,Nope,Si
1361175,N#C[C@H](C[C@H]1[C@@H]2C1)N2C(CNC(c1c(cc(cc2)Br)c2ncc1)=O)=O,Active,2,Bsite,Nope,Si
1361177,N#C[C@H](C[C@H]1[C@@H]2C1)N2C(CNC(c1c(ccc(Cl)c2)c2ncc1)=O)=O,Active,0.65,Bsite,Nope,Si
1361179,N#C[C@H](C[C@H]1[C@@H]2C1)N2C(CNC(c1c(ccc(Br)c2)c2ncc1)=O)=O,Active,0.68,Bsite,Nope,Si
1361181,Cc1cc(C(NCC(N([C@@H](C2)[C@@H]2C2)[C@@H]2C#N)=O)=O)c(cc(cc2)F)c2n1,Active,64,Bsite,Nope,Si
1361183,Cc1cc(C(NCC(N([C@@H](C2)[C@@H]2C2)[C@@H]2C#N)=O)=O)c(cc(cc2)Cl)c2n1,Active,65,Bsite,Nope,Si
1361185,Cc1cc(C(NCC(N([C@@H](C2)[C@@H]2C2)[C@@H]2C#N)=O)=O)c(cc(cc2)Br)c2n1,Active,58,Bsite,Nope,Si
1361187,Cc1cc(C(NCC(N([C@@H](C2)[C@@H]2C2)[C@@H]2C#N)=O)=O)c(cc(cc2)I)c2n1,Active,53,Bsite,Nope,Si
1361189,Cc1cc(C(NCC(N([C@@H](C2)[C@@H]2C2)[C@@H]2C#N)=O)=O)c(ccc(F)c2)c2n1,Active,71,Bsite,Nope,Si
1361191,Cc1ccc2nccc(C(NCC(N([C@@H](C3)[C@@H]3C3)[C@@H]3C#N)=O)=O)c2c1,Active,2.79,Bsite,Nope,Si
1361193,N#C[C@H](C[C@H]1[C@@H]2C1)N2C(CNC(c1c(cc(C(F)(F)F)cc2)c2ncc1)=O)=O,Active,4.8,Bsite,Nope,Si
1361194,N#C[C@H](C[C@H]1[C@@H]2C1)N2C(CNC(c1c(cc(CF)cc2)c2ncc1)=O)=O,Active,2.2,Bsite,Nope,Si
1361196,CC(C)(c(ccc1ncc2)cc1c2C(NCC(N([C@@H](C1)[C@@H]1C1)[C@@H]1C#N)=O)=O)F,Active,3.8,Bsite,Nope,Si
1361198,CC(C)(c1ccc2nccc(C(NCC(N([C@@H](C3)[C@@H]3C3)[C@@H]3C#N)=O)=O)c2c1)O,Active,3.8,Bsite,Nope,Si
1361200,CC(c1ccc2nccc(C(NCC(N([C@@H](C3)[C@@H]3C3)[C@@H]3C#N)=O)=O)c2c1)O,Active,2.6,Bsite,Nope,Si
1361202,CC(c1ccc2nccc(C(NCC(N([C@@H](C3)[C@@H]3C3)[C@@H]3C#N)=O)=O)c2c1)OC,Active,16,Bsite,Nope,Si
1361204,CC(C)(c1ccc2nccc(C(NCC(N([C@@H](C3)[C@@H]3C3)[C@@H]3C#N)=O)=O)c2c1)OC,Active,4.2,Bsite,Nope,Si
1361206,N#C[C@H](C[C@H]1[C@@H]2C1)N2C(CNC(c1c(cc(COC(F)(F)F)cc2)c2ncc1)=O)=O,Active,1.7,Bsite,Nope,Si
1361208,CCc1ccc2nc(C)cc(C(NCC(N([C@@H](C3)[C@@H]3C3)[C@@H]3C#N)=O)=O)c2c1,Active,80,Bsite,Nope,Si
1361210,Cc1ccc2nc(C)cc(C(NCC(N([C@@H](C3)[C@@H]3C3)[C@@H]3C#N)=O)=O)c2c1,Active,80,Bsite,Nope,Si
1361212,Cc1ccc(c(C(NCC(N([C@@H](C2)[C@@H]2C2)[C@@H]2C#N)=O)=O)ccn2)c2c1,Active,1.59,Bsite,Nope,Si
1361214,CC(C)(c1cc2nccc(C(NCC(N([C@@H](C3)[C@@H]3C3)[C@@H]3C#N)=O)=O)c2cc1)F,Active,2.8,Bsite,Nope,Si
1361216,N#C[C@H](C[C@H]1[C@@H]2C1)N2C(CNC(c1c(ccc(C(F)F)c2)c2ncc1)=O)=O,Active,1.5,Bsite,Nope,Si
1361218,N#C[C@H](C[C@H]1[C@@H]2C1)N2C(CNC(c1c(ccc(C(F)(F)F)c2)c2ncc1)=O)=O,Active,0.81,Bsite,Nope,Si
1361220,N#C[C@H](C[C@H]1[C@@H]2C1)N2C(CNC(c1c(ccc(CF)c2)c2ncc1)=O)=O,Active,1.2,Bsite,Nope,Si
1361222,CC(c1ccc(c(C(NCC(N([C@@H](C2)[C@@H]2C2)[C@@H]2C#N)=O)=O)ccn2)c2c1)O,Active,1.79,Bsite,Nope,Si
1361225,CC(C)(c1ccc(c(C(NCC(N([C@@H](C2)[C@@H]2C2)[C@@H]2C#N)=O)=O)ccn2)c2c1)O,Active,0.7,Bsite,Nope,Si
1361226,CC(c1ccc(c(C(NCC(N([C@@H](C2)[C@@H]2C2)[C@@H]2C#N)=O)=O)ccn2)c2c1)OC,Active,6,Bsite,Nope,Si
1361228,CC(C)(c1ccc(c(C(NCC(N([C@@H](C2)[C@@H]2C2)[C@@H]2C#N)=O)=O)ccn2)c2c1)OC,Active,4.6,Bsite,Nope,Si
1361230,N#C[C@H](C[C@H]1[C@@H]2C1)N2C(CNC(c1c(ccc(COC(F)(F)F)c2)c2ncc1)=O)=O,Active,1.3,Bsite,Nope,Si
1361232,CC(c1cc2nccc(C(NCC(N([C@@H](C3)[C@@H]3C3)[C@@H]3C#N)=O)=O)c2cc1)OC(F)(F)F,Active,3.1,Bsite,Nope,Si
1361234,Cc1ccc(c(C(NCC(N([C@@H](C2)[C@@H]2C2)[C@@H]2C#N)=O)=O)cc(C)n2)c2c1,Active,31,Bsite,Nope,Si
1361236,CC1(CC1)c1ccc(c(C(NCC(N([C@@H](C2)[C@@H]2C2)[C@@H]2C#N)=O)=O)ccn2)c2c1,Active,2,Bsite,Nope,Si
1361237,N#C[C@H](C[C@H]1[C@@H]2C1)N2C(CNC(c1c(cc(cc2)OCC(F)(F)F)c2ncc1)=O)=O,Active,1.4,Bsite,Nope,Si
1361238,CC(C)Oc1ccc2nccc(C(NCC(N([C@@H](C3)[C@@H]3C3)[C@@H]3C#N)=O)=O)c2c1,Active,4.1,Bsite,Nope,Si
1361240,N#C[C@H](C[C@H]1[C@@H]2C1)N2C(CNC(c(c1c2)ccnc1ccc2OCC1CC1)=O)=O,Active,0.64,Bsite,Nope,Si
1361242,N#C[C@H](C[C@H]1[C@@H]2C1)N2C(CNC(c1c(ccc(C2(CC2)C(F)(F)F)c2)c2ncc1)=O)=O,Active,3.4,Bsite,Nope,Si
1361244,N#C[C@H](C[C@H]1[C@@H]2C1)N2C(CNC(c1ccnc2cc(C3CC3)ccc12)=O)=O,Active,1.69,Bsite,Nope,Si
1361246,N#C[C@H](C[C@H]1[C@@H]2C1)N2C(CNC(c1c(cc(cc2)OC(CC3)CCC3(F)F)c2ncc1)=O)=O,Active,1.3,Bsite,Nope,Si
1361247,CCOC1(CC1)c1ccc(c(C(NCC(N([C@@H](C2)[C@@H]2C2)[C@@H]2C#N)=O)=O)ccn2)c2c1,Active,1.5,Bsite,Nope,Si
1361249,N#C[C@H](C[C@H]1[C@@H]2C1)N2C(CNC(c1ccnc2cc(C3(CC3)C#N)ccc12)=O)=O,Active,0.49,Bsite,Nope,Si
1361251,Cc1nc2cc(OC)ccc2c(C(NCC(N([C@@H](C2)[C@@H]2C2)[C@@H]2C#N)=O)=O)c1,Active,38,Bsite,Nope,Si
1361252,N#C[C@H](C[C@H]1[C@@H]2C1)N2C(CNC(c1ccnc2ccc(C3CC3)cc12)=O)=O,Active,5.6,Bsite,Nope,Si
1361253,CC1(CC1)c1ccc2nccc(C(NCC(N([C@@H](C3)[C@@H]3C3)[C@@H]3C#N)=O)=O)c2c1,Active,2.9,Bsite,Nope,Si
1361255,N#C[C@H](C[C@H]1[C@@H]2C1)N2C(CNC(c1c(cc(C2(CC2)C(F)(F)F)cc2)c2ncc1)=O)=O,Active,4.6,Bsite,Nope,Si
1361257,CCOC1(CC1)c1ccc2nccc(C(NCC(N([C@@H](C3)[C@@H]3C3)[C@@H]3C#N)=O)=O)c2c1,Active,0.76,Bsite,Nope,Si
1361259,N#C[C@H](C[C@H]1[C@@H]2C1)N2C(CNC(c1ccnc2ccc(C3(CC3)C#N)cc12)=O)=O,Active,1.7,Bsite,Nope,Si
1417345,O=C(O)C(CCC(=O)NCCNC(=O)CCC(=O)Nc1cc2c(nccc2C(=O)NCC(=O)N2CC(F)(F)CC2C#N)cc1)N1CCN(CC(=O)O)CCN(CC(=O)O)CC1,Active,0.141,Bsite,Nope,Si
1417346,O=C(O)C(CCC(=O)N1CCN(CC1)C(=O)CCC(=O)Nc1cc2c(nccc2C(=O)NCC(=O)N2CC(F)(F)CC2C#N)cc1)N1CCN(CC(=O)O)CCN(CC(=O)O)CC1,Active,0.04,Bsite,Nope,Si
1417347,O=C(O)C(CCC(=O)NCCNC(=O)CCC(=O)N(C)c1ccc2nccc(C(=O)NCC(=O)N3CC(F)(F)CC3C#N)c2c1)N1CCN(CC(=O)O)CCN(CC(=O)O)CC1,Active,0.12,Bsite,Nope,Si
1417348,O=C(O)C(CCC(=O)N1CCN(CC1)C(=O)CCC(=O)N(C)c1cc2c(nccc2C(=O)NCC(=O)N2CC(F)(F)CC2C#N)cc1)N1CCN(CC(=O)O)CCN(CC(=O)O)CC1,Active,0.105,Bsite,Nope,Si
1424932,CC(C)[C@H](C(C1[C@@H](B(O)O)CCC1)=O)N,Active,5.8,Bsite,Nope,Si
1424939,C[C@@H](C(N1[C@@H](B(O)O)CCC1)=O)NC(c(cc1)ccc1NNC(CCCNC(CN1CCN(CC(O)=O)CCN(CC(O)=O)CCN(CC(O)=O)CC1)=O)=O)=O,Active,0.8,Bsite,Nope,Si
1424941,C[C@@H](C(N1[C@@H](B(O)O)CCC1)=O)NC(c(cc1)ccc1NNC(CCCCCNC(CN1CCN(CC(O)=O)CCN(CC(O)=O)CCN(CC(O)=O)CC1)=O)=O)=O,Active,1.7,Bsite,Nope,Si
1424946,OB(O)[C@H]1CCCN1C(=O)[C@H](C)NC(=O)[C@@H](CO)CC(=O)CN1CCN(CC(=O)O)CCN(CC(=O)O)CCN(CC1)CC(=O)O,Active,128,Bsite,Nope,Si
1424950,N[C@H](CCCCNC(CN1CCN(CC(O)=O)CCN(CC(O)=O)CCN(CC(O)=O)CC1)=O)C(N1[C@@H](B(O)O)CCC1)=O,Active,3.2,Bsite,Nope,Si
1424953,N[C@H](CCCCNC(CCCNC(CN1CCN(CC(O)=O)CCN(CC(O)=O)CCN(CC(O)=O)CC1)=O)=O)C(N1[C@@H](B(O)O)CCC1)=O,Active,2.6,Bsite,Nope,Si
1424958,OB(O)[C@@H]1CCCN1C(=O)[C@H](C)NC(=O)c1ccc(NNC(=O)CCCNC(=O)CN2CCN(CC(=O)O)CCCN(CC(=O)O)CCN(CC(=O)O)CCC2)cc1,Active,1.1,Bsite,Nope,Si
1424959,OB(O)[C@H]1CCCN1C(=O)[C@@H](C)NC(=O)[C@@H](C)NC(=O)CN1CCCN(CC(=O)O)CCN(CC(=O)O)CCCN(CC(=O)O)CC1,Active,428,Bsite,Nope,Si
1424960,OB(O)[C@H]1CCCN1C(=O)[C@@H](C)NC(=O)c1ccc(NNC(=O)CN2CCCN(CC(=O)O)CCN(CC(=O)O)CCCN(CC(=O)O)CC2)nc1,Active,450,Bsite,Nope,Si
1424961,OB(O)[C@H]1CCCN1C(=O)[C@@H](C)NC(=O)c1ccc(cc1)NNC(=O)CN1CCN(CC(=O)O)CCCN(CC(=O)O)CCN(CC(=O)O)CCC1,Active,68,Bsite,Nope,Si
1424962,C[C@@H](C(N1[C@@H](B(O)O)CCC1)=O)NC(CN1CCN(CC(O)=O)CCN(CC(O)=O)CCN(CC(O)=O)CC1)=O,Active,290,Bsite,Nope,Si
1424964,OB(O)[C@H]1CCCN1C(=O)[C@@H](C)NC(=O)CN1CCCN(CC(=O)O)CCN(CCCN(CC(=O)O)CC1)CC(=O)O,Active,760,Bsite,Nope,Si
1424979,OB(O)[C@H]1CCCN1C(=O)[C@H](C)NC(=O)[C@H](NC(=O)CNC(=O)CNC(=O)CN1CCCN(CC(=O)O)CCN(CC(=O)O)CCCN(CC(=O)O)CC1)C(C)C,Active,575,Bsite,Nope,Si
1424982,CC(C)[C@H](C(N[C@H](C)C(N1[C@@H](B(O)O)CCC1)=O)=O)NC(CNC(CNC(CN1CCN(CC(O)=O)CCCN(CC(O)=O)CCN(CC(O)=O)CCC1)=O)=O)=O,Active,100001,Bsite,Nope,Si
1424988,CC(C)[C@@H](C(N[C@H](C)C(N(CCC1)[C@@H]1C(OC1(CN(C)C2)C2=O)OC1=O)=O)=O)NC(CNC(CNC(CN1CCN(CC(O)=O)CCN(CC(O)=O)CCN(CC(O)=O)CC1)=O)=O)=O,Active,280,Bsite,Nope,Si
1425004,OB(O)[C@@H]1CCCN1C(=O)[C@@H](C)NC(=O)[C@@H](NC(=O)CNC(=O)CC[C@H](N1CCN(CC(=O)O)CCN(CCN(CC(=O)O)CC1)CC(=O)O)C(=O)O)C(C)C,Active,20.1,Bsite,Nope,Si
1425012,CC(C)[C@H](C(N[C@@H](C)C(N1[C@@H](B(O)O)CCC1)=O)=O)NC([C@H](C)NC(CNC(CNC(CNC(CN1CCN(CC(O)=O)CCN(CC(O)=O)CCN(CC(O)=O)CC1)=O)=O)=O)=O)=O,Active,21,Bsite,Nope,Si
1425034,OB(O)[C@H]1CCCN1C(=O)C(C)NC(=O)c1ccc(cc1)NNC(=O)CN1CCN(CC(=O)O)CCCN(CC(=O)O)CCN(CC(=O)O)CCC1,Active,5.3,Bsite,Nope,Si
1425064,OOC(=O)CN1CCN(CC(=O)O)CCN(CC(=O)O)CCN(CC(=O)NCCCCCC(=O)NNc2ccc(cc2)C(=O)N[C@@H](C)C(=O)N2CCC[C@@H]2B(O)O)CC1,Active,81,Bsite,Nope,Si
1425077,OB(O)[C@H]1CCCN1C(=O)[C@H](C)NC(=O)c1ccc(cc1)NC(=O)CCNC(=O)CN1CCN(CC(=O)O)CCN(CC(=O)O)CCN(CC(=O)O)CC1,Active,0.4,Bsite,Nope,Si
1425083,OB(O)[C@H]1CCCN1C(=O)[C@H](C)NC(=O)c1ccc(NNC(=O)CCCCCNC(=O)CN2CCN(CC(=O)O)CCN(CC(=O)O)CCN(CC(=O)C)CC2)nc1,Active,1.1,Bsite,Nope,Si
1425100,C[C@@H](C(N1[C@@H](B(O)O)CCC1)=O)NC(c(cc1)cnc1NNC(CCCCC[N+](c(cc1)c(C2(C)C)cc1S(O)(=O)=O)=C2/C=C/C(CCC/C1=C\C=C(/C2(C)C)\N(CCCCS(O)(=O)=O)c(cc3)c2cc3S(O)(=O)=O)=C/1Oc(cc1)ccc1S(O)(=O)=O)=O)=O,Active,8.8,Bsite,Nope,Si
1425103,C[C@@H](C(N1[C@@H](B(O)O)CCC1)=O)NC(c(cc1)ccc1NNC(CCCCC[N+](c(cc1)c(C2(C)C)cc1S(O)(=O)=O)=C2/C=C/C(CCC/C1=C\C=C(/C2(C)C)\N(CCCCS(O)(=O)=O)c(cc3)c2cc3S(O)(=O)=O)=C/1Oc(cc1)ccc1S(O)(=O)=O)=O)=O,Active,1.7,Bsite,Nope,Si
1425107,CC(C)[C@H](C(N[C@@H](C)C(N1[C@@H](B(O)O)CCC1)=O)=O)NC(c1ccc(CNC(CN2CCN(CC(O)=O)CCN(CC(O)=O)CCN(CC(O)=O)CC2)=O)cc1)=O,Active,65,Bsite,Nope,Si
