ID,SMILES,DATASET,MOL,SCAFFOLD,SCA_MOL
TriOncoFAP-DOTAGA,[3H][C@]1(C#N)CC(F)(F)CN1C(=O)CNC(=O)c1ccnc2c(cccc21)NC(=O)CCC(=O)NCCNC(=O)CCOCC(COCCC(=O)NCCNC(=O)CCC(=O)Nc1cccc2c1nccc2C(=O)NCC(=O)N1CC(F)(F)C[C@]1([3H])C#N)(COCCC(=O)NCCNC(=O)CCC(=O)Nc1cccc2c1nccc2C(=O)NCC(=O)N1CC(F)(F)C[C@]1([3H])C#N)NC(=O)CCC(C(O)=O)N1CCN(CC(O)=O)CCN(CC(O)=O)CCN(CC(O)=O)CC1,Molecules,<rdkit.Chem.rdchem.Mol object at 0x7a2dbfd4bed0>,O=C(CCOCC(COCCC(=O)NCCNC(=O)CCC(=O)Nc1cccc2c(C(=O)NCC(=O)N3CCCC3)ccnc12)(COCCC(=O)NCCNC(=O)CCC(=O)Nc1cccc2c(C(=O)NCC(=O)N3CCCC3)ccnc12)NC(=O)CCCN1CCNCCNCCNCC1)NCCNC(=O)CCC(=O)Nc1cccc2c(C(=O)NCC(=O)N3CCCC3)ccnc12,<rdkit.Chem.rdchem.Mol object at 0x7a2dbfd67ca0>
P-FAPI,O=C(NCC(=O)N1CC(F)(F)C[C@@H]1C#N)c1ccnc2ccc(OCCOCCNC(=O)CN3CCN(CC(=O)O)CCN(CC3)CC(=O)O)cc21,Molecules,<rdkit.Chem.rdchem.Mol object at 0x7a2dbfd4bf40>,O=C(CN1CCNCCNCC1)NCCOCCOc1ccc2nccc(C(=O)NCC(=O)N3CCCC3)c2c1,<rdkit.Chem.rdchem.Mol object at 0x7a2dbfd67d10>
PD-FAPI,O=C(NCCOCCOCCOc1cc2c(nccc2C(=O)NCC(=O)N2C[C@](F)(F)C[C@H]2C#N)cc1)[C@H](NC(=O)CN1CCN(CC(=O)O)CCN(CC1)CC(=O)O)CC(=O)N[C@H](CC(O)=O)CC(=O)O,Molecules,<rdkit.Chem.rdchem.Mol object at 0x7a2dbfd4c040>,O=C(CNC(=O)CN1CCNCCNCC1)NCCOCCOCCOc1ccc2nccc(C(=O)NCC(=O)N3CCCC3)c2c1,<rdkit.Chem.rdchem.Mol object at 0x7a2dbfd67d80>
FAP-46-F1D,O=C(O)CN1CCN(CC(=O)O)CCN(CC(=O)O)CCN(CC(=O)NC(C(=O)N2CCN(CC2)CCCN(C)c2ccc3nccc(C(=O)NCC(=O)N4CC(F)(F)C[C@@H]4C#N)c3c2)C(=O)N2CCN(CC2)CCCN(C)c2ccc3nccc(C(=O)NCC(=O)N4CC(F)(F)C[C@H]4C#N)c3c2)CC1,Molecules,<rdkit.Chem.rdchem.Mol object at 0x7a2dbfd4c0b0>,O=C(CN1CCNCCNCCNCC1)NC(C(=O)N1CCN(CCCNc2ccc3nccc(C(=O)NCC(=O)N4CCCC4)c3c2)CC1)C(=O)N1CCN(CCCNc2ccc3nccc(C(=O)NCC(=O)N4CCCC4)c3c2)CC1,<rdkit.Chem.rdchem.Mol object at 0x7a2dbfd67df0>
DOTAGA-FAPI-FUSCC-II,O=C(O)C(CCC(=O)NCC(=O)NCC(=O)NCC(=O)Nc1cccc2c1nccc2C(=O)NCC(=O)N1CC(F)(F)C[C@@H]1C#N)N1CCN(CC(=O)O)CCN(CCN(CC(=O)O)CC1)CC(=O)O,Molecules,<rdkit.Chem.rdchem.Mol object at 0x7a2dbfd4c120>,O=C(CCCN1CCNCCNCCNCC1)NCC(=O)NCC(=O)NCC(=O)Nc1cccc2c(C(=O)NCC(=O)N3CCCC3)ccnc12,<rdkit.Chem.rdchem.Mol object at 0x7a2dbfd67e60>
BiOncoFAP,O=C(O)CN1CCN(CC(=O)O)CCN(CCN(CC(=O)O)CC1)C(CCC(=O)NCCNC(=O)C(NC(=O)CCC(=O)Nc1cccc2c1nccc2C(=O)NCC(=O)N1CC(F)(F)C[C@H]1C#N)CCCCNC(=O)CCC(=O)Nc1cccc2c1nccc2C(=O)NCC(=O)N1CC(F)(F)C[C@H]1C#N)C(=O)O,Molecules,<rdkit.Chem.rdchem.Mol object at 0x7a2dbfd4c190>,O=C(CCCN1CCNCCNCCNCC1)NCCNC(=O)C(CCCCNC(=O)CCC(=O)Nc1cccc2c(C(=O)NCC(=O)N3CCCC3)ccnc12)NC(=O)CCC(=O)Nc1cccc2c(C(=O)NCC(=O)N3CCCC3)ccnc12,<rdkit.Chem.rdchem.Mol object at 0x7a2dbfd67ed0>
DD-FAPI,O=C(N1CCN(CC1)CCCCOc1ccc2nccc(C(=O)NCC(=O)N3CC(F)(F)C[C@H]3C#N)c2c1)C(NC(=O)[C@@H](NC(=O)[C@H](N)CC(O)=O)CC(=O)O)CCCCNC(=O)CN1CCN(CC(O)=O)CCN(CC(O)=O)CC1,Molecules,<rdkit.Chem.rdchem.Mol object at 0x7a2dbfd4c200>,O=C(CN1CCNCCNCC1)NCCCCCC(=O)N1CCN(CCCCOc2ccc3nccc(C(=O)NCC(=O)N4CCCC4)c3c2)CC1,<rdkit.Chem.rdchem.Mol object at 0x7a2dbfd67f40>
ND-bis-FAPI,N#C[C@@H]1CC(F)(F)CN1C(=O)CNC(=O)c1ccnc2ccc(cc21)OCCCN1CCN(CC1)C(=O)C(NC(=O)CN1CCN(CC(=O)O)CCN(CC(=O)O)CCN(CC(=O)O)CC1)CCCCNC(=O)[C@@H](NC(=O)CN1CCN(CC(=O)O)CCN(CC(=O)O)CC1)CC(=O)N1CCN(CC1)CCCOc1ccc2nccc(C(=O)NCC(=O)N3CC(F)(F)C[C@@H]3C#N)c2c1,Molecules,<rdkit.Chem.rdchem.Mol object at 0x7a2dbfd4c270>,O=C(CN1CCNCCNCCNCC1)NC(CCCCNC(=O)[C@H](CC(=O)N1CCN(CCCOc2ccc3nccc(C(=O)NCC(=O)N4CCCC4)c3c2)CC1)NC(=O)CN1CCNCCNCC1)C(=O)N1CCN(CCCOc2ccc3nccc(C(=O)NCC(=O)N4CCCC4)c3c2)CC1,<rdkit.Chem.rdchem.Mol object at 0x7a2dbfd68040>
FP-L1,O=C(N[C@H](CCC(=O)O)C(=O)O)NC(CCCCNC(=O)[C@@H](CCCCNC(=O)CN1CCN(CC(=O)O)CCN(CC(=O)O)CC1)NC(=O)CCOCCOCCOCCn1nnc(c1)CCC(=O)NCCCOc1cc2c(nccc2C(=O)NCC(=O)N2CCC[C@@H]2C#N)cc1)C(=O)O,Molecules,<rdkit.Chem.rdchem.Mol object at 0x7a2dbfd4c2e0>,O=C(CCOCCOCCOCCn1cc(CCC(=O)NCCCOc2ccc3nccc(C(=O)NCC(=O)N4CCCC4)c3c2)nn1)NCCCCCNC(=O)CN1CCNCCNCC1,<rdkit.Chem.rdchem.Mol object at 0x7a2dbfd680b0>
18F10,O=C(NCC(=O)N1CC(F)(F)C[C@H]1C#N)c1ccnc2ccc(OCCC[N+](C)(C)CF)cc21,Molecules,<rdkit.Chem.rdchem.Mol object at 0x7a2dbfd4c350>,O=C(NCC(=O)N1CCCC1)c1ccnc2ccccc12,<rdkit.Chem.rdchem.Mol object at 0x7a2dbfd68120>
OncoFAP,OC(=O)C(CCC(=O)NCCNC(=O)CCC(=O)Nc1cccc2c1nccc2C(=O)NCC(=O)N1CC(F)(F)C[C@H]1C#N)N1CCN(CC(O)=O)CCN(CC(O)=O)CCN(CC(O)=O)CC1,Molecules,<rdkit.Chem.rdchem.Mol object at 0x7a2dbfd4c3c0>,O=C(CCCN1CCNCCNCCNCC1)NCCNC(=O)CCC(=O)Nc1cccc2c(C(=O)NCC(=O)N3CCCC3)ccnc12,<rdkit.Chem.rdchem.Mol object at 0x7a2dbfd68190>
18F6,O=C(OC1CCc2cnnc(c2CCC1)c1cc(F)cc(CN(CC(O)=O)CC(O)=O)c1)NCCNC=1C(=O)C(=O)C=1NCCCCOc1ccc2nccc(C(=O)NCC(=O)N3CC(F)(F)C[C@@]3([2H])C#N)c2c1,Molecules,<rdkit.Chem.rdchem.Mol object at 0x7a2dbfd4c430>,O=C(NCCNc1c(NCCCCOc2ccc3nccc(C(=O)NCC(=O)N4CCCC4)c3c2)c(=O)c1=O)OC1CCCc2c(cnnc2-c2ccccc2)CC1,<rdkit.Chem.rdchem.Mol object at 0x7a2dbfd68200>
DOTAGA.(SA.FAPI)2,O=C(O)CN1CCN(CCN(CC(=O)O)CCN(CC1)CCNC=1C(=O)C(=O)C=1NCCCCOc1ccc2nccc(C(=O)NCC(=O)N3CC(F)(F)C[C@H]3C#N)c2c1)C(CCC(=O)NCCNC=1C(=O)C(=O)C=1NCCCCOc1ccc2nccc(C(=O)NCC(=O)N3CC(F)(F)C[C@H]3C#N)c2c1)C(=O)O,Molecules,<rdkit.Chem.rdchem.Mol object at 0x7a2dbfd4c4a0>,O=C(CCCN1CCNCCN(CCNc2c(NCCCCOc3ccc4nccc(C(=O)NCC(=O)N5CCCC5)c4c3)c(=O)c2=O)CCNCC1)NCCNc1c(NCCCCOc2ccc3nccc(C(=O)NCC(=O)N4CCCC4)c3c2)c(=O)c1=O,<rdkit.Chem.rdchem.Mol object at 0x7a2dbfd68270>
FAP6-IP-DOTA,O=C(N1CC(F)(F)C[C@H]1C#N)C1NC(=O)[C@H](CC(=O)N2Cc3c(cccc3C2)Cn2nnc(COCCOCCOCCOCCOCCOCCNC(=O)[C@@H](CCCCNC(=O)CCCc3ccc(I)cc3)NC(=O)CN3CCN(CC(=O)O)CCN(CC(=O)O)CCN(CC(=O)O)CC3)c2)C1,Molecules,<rdkit.Chem.rdchem.Mol object at 0x7a2dbfd4c510>,O=C(CCCc1ccccc1)NCCCC[C@@H](NC(=O)CN1CCNCCNCCNCC1)C(=O)NCCOCCOCCOCCOCCOCCOCc1cn(Cc2cccc3c2CN(C(=O)C[C@@H]2CC(C(=O)N4CCCC4)NC2=O)C3)nn1,<rdkit.Chem.rdchem.Mol object at 0x7a2dbfd682e0>
FAPTG,OC1OC(CO)C(O)C(O)C1NC(=O)CCC(NC(=O)CN1CCN(CC(O)=O)CCN(CC(O)=O)CC1)C(=O)NC(CC(=O)O)C(=C)NC(CC(=O)O)C(=O)NCCOCCOCC(=O)N1CCN(CC1)CCCOc1ccc2nccc(C(=O)NCC(=O)N3CC(F)(F)C[C@@H]3C#N)c2c1,Molecules,<rdkit.Chem.rdchem.Mol object at 0x7a2dbfd4c580>,C=C(CNC(=O)C(CCC(=O)NC1CCCOC1)NC(=O)CN1CCNCCNCC1)NCC(=O)NCCOCCOCC(=O)N1CCN(CCCOc2ccc3nccc(C(=O)NCC(=O)N4CCCC4)c3c2)CC1,<rdkit.Chem.rdchem.Mol object at 0x7a2dbfd68350>
FAPtp,O=C(O)C1CC(F)(F)CN1C(=O)CNC(=O)[C@H](NC(=O)C1CCCN1C(=O)CNC(=O)CCOCCOCCOCCOCCOCCOCCOCCOCCNC(=O)CN1CCN(CC(=O)O)CCN(CC(=O)O)CCN(CC(=O)O)CC1)Cc1c[NH]c2ccccc21,Molecules,<rdkit.Chem.rdchem.Mol object at 0x7a2dbfd4c5f0>,O=C(CCOCCOCCOCCOCCOCCOCCOCCOCCNC(=O)CN1CCNCCNCCNCC1)NCC(=O)N1CCCC1C(=O)N[C@H](Cc1c[nH]c2ccccc12)C(=O)NCC(=O)N1CCCC1,<rdkit.Chem.rdchem.Mol object at 0x7a2dbfd683c0>
DOTA-FAPI-maleimide,O=C(NCCOCCOCCNC(=O)CCCN1C(=O)C=CC1=O)[C@@H](NC(=O)CN1CCN(CC(=O)O)CCN(CC(=O)O)CCN(CC(=O)O)CC1)CCC(=O)N1CCN(CC1)CCCOc1ccc2nccc(C(=O)NCC(=O)N3CC(F)(F)C[C@@H]3C#N)c2c1,Molecules,<rdkit.Chem.rdchem.Mol object at 0x7a2dbfd4c660>,O=C(CCCN1C(=O)C=CC1=O)NCCOCCOCCNC(=O)[C@H](CCC(=O)N1CCN(CCCOc2ccc3nccc(C(=O)NCC(=O)N4CCCC4)c3c2)CC1)NC(=O)CN1CCNCCNCCNCC1,<rdkit.Chem.rdchem.Mol object at 0x7a2dbfd68430>
SB03045,O=C(NCC(=O)N1C[C@@H](F)CC1C#N)c1ccnc2ccc(OCCCN3CCN(CC3)C(=O)CN3CCN(CC(=O)O)CCN(CC(=O)O)CCN(CC3)CC(=O)O)cc21,Molecules,<rdkit.Chem.rdchem.Mol object at 0x7a2dbfd4c6d0>,O=C(NCC(=O)N1CCCC1)c1ccnc2ccc(OCCCN3CCN(C(=O)CN4CCNCCNCCNCC4)CC3)cc12,<rdkit.Chem.rdchem.Mol object at 0x7a2dbfd684a0>
DOTA.SA.FAPI,O=C(NCC(=O)N1CC(F)(F)C[C@H]1C#N)c1ccnc2ccc(OCCCCNC=3C(=O)C(=O)C=3NCCNC(=O)CN3CCN(CC(O)=O)CCN(CC(O)=O)CCN(CC(O)=O)CC3)cc21,Molecules,<rdkit.Chem.rdchem.Mol object at 0x7a2dbfd4c740>,O=C(CN1CCNCCNCCNCC1)NCCNc1c(NCCCCOc2ccc3nccc(C(=O)NCC(=O)N4CCCC4)c3c2)c(=O)c1=O,<rdkit.Chem.rdchem.Mol object at 0x7a2dbfd68510>
DATA.SA.FAPI,O=C(NCC(=O)N1CC(F)(F)C[C@H]1C#N)c1ccnc2ccc(OCCCCNC=3C(=O)C(=O)C=3NCCNC(=O)CCCCC3(CN(CC(O)=O)CCN(C3)CC(O)=O)N(C)CC(O)=O)cc21,Molecules,<rdkit.Chem.rdchem.Mol object at 0x7a2dbfd4c7b0>,O=C(CCCCC1CNCCNC1)NCCNc1c(NCCCCOc2ccc3nccc(C(=O)NCC(=O)N4CCCC4)c3c2)c(=O)c1=O,<rdkit.Chem.rdchem.Mol object at 0x7a2dbfd68580>
SB03178,O=C(NCC(=O)N1CC(F)(F)C[C@@H]1C#N)c1ccnc2c1cc(OCCCN1CCN(CC1)C(=O)CN1CCN(CC(=O)O)CCN(CC(=O)O)CCN(CC(=O)O)CC1)c1ccccc21,Molecules,<rdkit.Chem.rdchem.Mol object at 0x7a2dbfd4c820>,O=C(NCC(=O)N1CCCC1)c1ccnc2c1cc(OCCCN1CCN(C(=O)CN3CCNCCNCCNCC3)CC1)c1ccccc12,<rdkit.Chem.rdchem.Mol object at 0x7a2dbfd685f0>
DOTA-2P(FAPI)2,N#C[C@]1(C)CC(F)(F)CN1C(=O)CNC(=O)c1ccnc2ccc(cc21)N(C)CCCN1CCN(CC1)C(=O)COCCOCCOCCNC(=O)CCC(=O)N[C@H](CCCCNC(=O)CN1CCN(CC(O)=O)CCN(CC(O)=O)CCN(CC(O)=O)CC1)C(=O)NCCOCCOCCOCC(=O)N1CCN(CC1)CCCN(C)c1cc2c(cc1)nccc2C(=O)NCC(=O)N1CC(F)(F)C[C@@]1(C)C#N,Molecules,<rdkit.Chem.rdchem.Mol object at 0x7a2dbfd4c890>,O=C(CCC(=O)N[C@H](CCCCNC(=O)CN1CCNCCNCCNCC1)C(=O)NCCOCCOCCOCC(=O)N1CCN(CCCNc2ccc3nccc(C(=O)NCC(=O)N4CCCC4)c3c2)CC1)NCCOCCOCCOCC(=O)N1CCN(CCCNc2ccc3nccc(C(=O)NCC(=O)N4CCCC4)c3c2)CC1,<rdkit.Chem.rdchem.Mol object at 0x7a2dbfd68660>
PSMA-FAPI,N#C[C@H]1CC(F)(F)CN1C(=O)CNC(=O)c1ccnc2ccc(cc21)OCCCN1CCN(CC1)C(=O)CCC(=O)NCCCC[C@H](NC(=O)CN1CCN(CC(=O)O)CCN(CC(=O)O)CC1)C(=O)NC[C@H]1CCC(CC1)C(=O)NC(Cc1cc2ccccc2cc1)C(=O)NCCCCC(NC(=O)NC(CCC(C)=C)C(C)=C)C(=O)O,Molecules,<rdkit.Chem.rdchem.Mol object at 0x7a2dbfd4c900>,O=C(CCC(=O)N1CCN(CCCOc2ccc3nccc(C(=O)NCC(=O)N4CCCC4)c3c2)CC1)NCCCC[C@H](NC(=O)CN1CCNCCNCC1)C(=O)NCC1CCC(C(=O)NCCc2ccc3ccccc3c2)CC1,<rdkit.Chem.rdchem.Mol object at 0x7a2dbfd686d0>
AV01038,N#C[C@@H]1CCCN1C(=O)CNC(=O)c1ccnc2ccc(cc21)OCc1nnn(c1)C(=O)NCC(CCCNC(=O)CN1CCN(CC(O)=O)CCN(CC(O)=O)CCN(CC(O)=O)CC1)C(=O)NCC(=O)NCC1CCC(CC1)C(=O)NC(C(=O)NCCCCC(NC(=O)NC(CCC(=O)O)C(=O)O)C(=O)O)c1c2ccccc2cc2ccccc12,Molecules,<rdkit.Chem.rdchem.Mol object at 0x7a2dbfd4c970>,O=C(CNC(=O)C(CCCNC(=O)CN1CCNCCNCCNCC1)CNC(=O)n1cc(COc2ccc3nccc(C(=O)NCC(=O)N4CCCC4)c3c2)nn1)NCC1CCC(C(=O)NCc2c3ccccc3cc3ccccc23)CC1,<rdkit.Chem.rdchem.Mol object at 0x7a2dbfd68740>
LuFL,OC(=O)C(CCC(=O)N[C@@H](CNC(=O)c1ccc(cc1)[Si](F)(C(C)(C)C)C(C)(C)C)C(=O)NCC1CCC(CC1)C(=O)NCCCOc1cc2c(nccc2C(=O)NCC(=O)N2CC(F)(F)C[C@@H]2C#N)cc1)N1CCN(CC(O)=O)CCN(CC(O)=O)CCN(CC(O)=O)CC1,Molecules,<rdkit.Chem.rdchem.Mol object at 0x7a2dbfd4c9e0>,O=C(CCCN1CCNCCNCCNCC1)N[C@@H](CNC(=O)c1ccccc1)C(=O)NCC1CCC(C(=O)NCCCOc2ccc3nccc(C(=O)NCC(=O)N4CCCC4)c3c2)CC1,<rdkit.Chem.rdchem.Mol object at 0x7a2dbfd687b0>
FAP-2286,O=C(O)[C@H]1NC(=O)[C@@H](NC(=O)[C@@H](NC(=O)[C@H](NC(=O)[C@@H]2CCCN2C(=O)[C@@H]2CCCN2C(=O)[C@@H](NC(=O)CCCCC)CSCc2cc(cc(CSCC1)c2)SCCNC(=O)CN1CCN(CC(O)=O)CCN(CC(O)=O)CCN(CC(O)=O)CC1)[C@H](O)C)CCC(=O)N)Cc1ccccc1,Molecules,<rdkit.Chem.rdchem.Mol object at 0x7a2dbfd4ca50>,O=C1CNC(=O)[C@@H]2CCCN2C(=O)[C@@H]2CCCN2C(=O)CCSCc2cc(cc(SCCNC(=O)CN3CCNCCNCCNCC3)c2)CSCCCNC(=O)[C@H](Cc2ccccc2)NC(=O)CN1,<rdkit.Chem.rdchem.Mol object at 0x7a2dbfd68820>
FAPI-42,O=C(NCC(=O)N1CC(F)C[C@@H]1C#N)c1ccnc2ccc(OCCCN3CCN(CC3)C(=O)CN3CCN(CC(O)=O)CCN(CC3)CC(O)=O)cc21,Molecules,<rdkit.Chem.rdchem.Mol object at 0x7a2dbfd4cac0>,O=C(NCC(=O)N1CCCC1)c1ccnc2ccc(OCCCN3CCN(C(=O)CN4CCNCCNCC4)CC3)cc12,<rdkit.Chem.rdchem.Mol object at 0x7a2dbfd68890>
FAPI-74,O=C(NCC(=O)N1CCC[C@]1(C)C#N)c1ccnc2ccc(OCCCN3CCN(CC3)C(=O)CN3CCN(CC(O)=O)CCN(CC(O)=O)CC3)cc21,Molecules,<rdkit.Chem.rdchem.Mol object at 0x7a2dbfd4cb30>,O=C(NCC(=O)N1CCCC1)c1ccnc2ccc(OCCCN3CCN(C(=O)CN4CCNCCNCC4)CC3)cc12,<rdkit.Chem.rdchem.Mol object at 0x7a2dbfd68900>
FAPI-13,O=C(NCC(=O)N1CC(F)C[C@@H]1C#N)c1ccnc2ccc(OCCCC3CCN(CC3)C(=O)CN3CCN(CC(O)=O)CCN(CC(O)=O)CCN(CC(O)=O)CC3)cc21,Molecules,<rdkit.Chem.rdchem.Mol object at 0x7a2dbfd4cba0>,O=C(NCC(=O)N1CCCC1)c1ccnc2ccc(OCCCC3CCN(C(=O)CN4CCNCCNCCNCC4)CC3)cc12,<rdkit.Chem.rdchem.Mol object at 0x7a2dbfd68970>
HBED-CC-FAPI-02 dimer,O=C(NCC(=O)N1CCC[C@H]1C#N)c1ccnc2ccc(cc21)OCCCN1CCN(CC1)C(=O)CCc1ccc(O)c(CN(CC(O)=O)CCN(CC(O)=O)Cc2cc(ccc2O)CCC(=O)N2CCN(CC2)CCCOc2cc3c(nccc3C(=O)NCC(=O)N3CCC[C@@H]3C#N)cc2)c1,Molecules,<rdkit.Chem.rdchem.Mol object at 0x7a2dbfd4cc10>,O=C(NCC(=O)N1CCCC1)c1ccnc2ccc(OCCCN3CCN(C(=O)CCc4cccc(CNCCNCc5cccc(CCC(=O)N6CCN(CCCOc7ccc8nccc(C(=O)NCC(=O)N9CCCC9)c8c7)CC6)c5)c4)CC3)cc12,<rdkit.Chem.rdchem.Mol object at 0x7a2dbfd689e0>
FAPI-C16,O=C(O)[C@@H](NC(=O)CCCCCCCCCCCCCCC)CCC(=O)N[C@@H](CCCCNC(=O)CN1CCN(CC(=O)O)CCN(CC(=O)O)CCN(CC(=O)O)CC1)C(=O)N1CCN(CC1)CCCOc1cc2c(nccc2C(=O)NCC(=O)N2CC(F)(F)C[C@H]2C#N)cc1,Molecules,<rdkit.Chem.rdchem.Mol object at 0x7a2dbfd4cc80>,O=C(CN1CCNCCNCCNCC1)NCCCCCC(=O)N1CCN(CCCOc2ccc3nccc(C(=O)NCC(=O)N4CCCC4)c3c2)CC1,<rdkit.Chem.rdchem.Mol object at 0x7a2dbfd68a50>
FAPI-19,O=C(NCC(=O)N1CC(F)(F)C[C@@H]1C#N)c1ccnc2ccc(OCCCN3CCN(CC3)C(=O)CN(Cc3nccn3CC(O)=O)Cc3nccn3CC(O)=O)cc21,Molecules,<rdkit.Chem.rdchem.Mol object at 0x7a2dbfd4ccf0>,O=C(NCC(=O)N1CCCC1)c1ccnc2ccc(OCCCN3CCN(C(=O)CN(Cc4ncc[nH]4)Cc4ncc[nH]4)CC3)cc12,<rdkit.Chem.rdchem.Mol object at 0x7a2dbfd68ac0>
FAPI-04,O=C(NCC(=O)N1CC(F)C[C@@H]1C#N)c1ccnc2ccc(OCCCN3CCN(CC3)C(=O)CN3CCN(CC(O)=O)CCN(CC(O)=O)CCN(CC3)CC(O)=O)cc21,Molecules,<rdkit.Chem.rdchem.Mol object at 0x7a2dbfd4cd60>,O=C(NCC(=O)N1CCCC1)c1ccnc2ccc(OCCCN3CCN(C(=O)CN4CCNCCNCCNCC4)CC3)cc12,<rdkit.Chem.rdchem.Mol object at 0x7a2dbfd68b30>
FAPI-C12,O=C(O)[C@@H](NC(=O)CCCCCCCCCCC)CCC(=O)N[C@@H](CCCCNC(=O)CN1CCN(CC(=O)O)CCN(CC(=O)O)CCN(CC(=O)O)CC1)C(=O)N1CCN(CC1)CCCOc1cc2c(nccc2C(=O)NCC(=O)N2CC(F)(F)C[C@H]2C#N)cc1,Molecules,<rdkit.Chem.rdchem.Mol object at 0x7a2dbfd4cdd0>,O=C(CN1CCNCCNCCNCC1)NCCCCCC(=O)N1CCN(CCCOc2ccc3nccc(C(=O)NCC(=O)N4CCCC4)c3c2)CC1,<rdkit.Chem.rdchem.Mol object at 0x7a2dbfd68ba0>
DOTA-FAPI-RGD,N=C(N)NCCC[C@H]1NC[C@H](NC[C@@H](NC(=O)[C@H](NC(=O)CNC1=O)CC(=O)O)c1ccc(O)cc1)CCCCNC(=O)CCC(NC(=O)C(NC(=O)CN1CCN(CC(O)=O)CCN(CC(O)=O)CCN(CC(O)=O)CC1)CCC(=O)N1CCN(CC1)CCCOc1cc2c(nccc2C(=O)NCC(=O)N2CC(F)(F)C[C@@H]2C#N)cc1)C(=O)O,Molecules,<rdkit.Chem.rdchem.Mol object at 0x7a2dbfd4ce40>,O=C(CCCNC(=O)C(CCC(=O)N1CCN(CCCOc2ccc3nccc(C(=O)NCC(=O)N4CCCC4)c3c2)CC1)NC(=O)CN1CCNCCNCCNCC1)NCCCC[C@@H]1CNCC(=O)NCC(=O)NCC(=O)N[C@@H](c2ccccc2)CN1,<rdkit.Chem.rdchem.Mol object at 0x7a2dbfd68c10>
FAPI-34,O=C(O)C(NC(=O)Cn1ccnc1CN(CC(=O)N1CCN(CCCOc2ccc3nccc(C(=O)NCC(=O)N4CC(F)(F)C[C@@H]4C#N)c3c2)CC1)Cc1nccn1CC(=O)N[C@@H](CC(C(=O)O)C(=O)O)C(=O)O)CC(C(=O)O)C(=O)O,Molecules,<rdkit.Chem.rdchem.Mol object at 0x7a2dbfd4ceb0>,O=C(NCC(=O)N1CCCC1)c1ccnc2ccc(OCCCN3CCN(C(=O)CN(Cc4ncc[nH]4)Cc4ncc[nH]4)CC3)cc12,<rdkit.Chem.rdchem.Mol object at 0x7a2dbfd68c80>
RPS-309,O=C(NCC(=O)N1CCC[C@H]1C#N)c1ccnc2cc(ccc21)OCC(=O)NCCOCCOCCOCC(=O)N[C@@H](CCCCNC(=S)Nc1ccc(CN2CCN(CC(O)=O)CCN(CC(O)=O)CCN(CC(O)=O)CC2)cc1)C(=O)N[C@@H](CCCCNC(=O)Cc1ccc(I)cc1)C(=O)OC(C)(C)C,Molecules,<rdkit.Chem.rdchem.Mol object at 0x7a2dbfd4cf20>,O=C(COc1ccc2c(C(=O)NCC(=O)N3CCCC3)ccnc2c1)NCCOCCOCCOCC(=O)N[C@@H](CCCCNC(=S)Nc1ccc(CN2CCNCCNCCNCC2)cc1)C(=O)NCCCCCNC(=O)Cc1ccccc1,<rdkit.Chem.rdchem.Mol object at 0x7a2dbfd68cf0>
SMIC-3002,O=C(NCC(=O)N1CC(F)(F)C[C@H]1C#N)c1ccc(C)[n+]2ccc(cc21)N(C)CCCN1CCN(CC1)C(=O)CN1CCN(CC(O)=O)CCN(CC(O)=O)CCN(CC(O)=O)CC1,Molecules,<rdkit.Chem.rdchem.Mol object at 0x7a2dbfd4cf90>,O=C(NCC(=O)N1CCCC1)c1ccc[n+]2ccc(NCCCN3CCN(C(=O)CN4CCNCCNCCNCC4)CC3)cc12,<rdkit.Chem.rdchem.Mol object at 0x7a2dbfd68d60>
FAPI-15,O=C(NCC(=O)N1CC(F)C[C@@H]1C#N)c1ccnc2ccc(OCCOCCOCCN3CCN(CC3)C(=O)CN3CCN(CC(O)=O)CCN(CC(O)=O)CCN(CC3)CC(O)=O)cc21,Molecules,<rdkit.Chem.rdchem.Mol object at 0x7a2dbfd4d000>,O=C(NCC(=O)N1CCCC1)c1ccnc2ccc(OCCOCCOCCN3CCN(C(=O)CN4CCNCCNCCNCC4)CC3)cc12,<rdkit.Chem.rdchem.Mol object at 0x7a2dbfd68dd0>
TEFAPI-04,O=C(N1CCN(CC1)CCCOc1cc2c(nccc2C(=O)NCC(=O)N2CC(F)(F)C[C@H]2C#N)cc1)[C@@H](NC(=O)[C@H](CCCC(=O)O)NC(=O)CCCc1ccc(I)cc1)CCCCNC(=O)CN1CCN(CC(O)=O)CCN(CC(O)=O)CCN(CC(O)=O)CC1,Molecules,<rdkit.Chem.rdchem.Mol object at 0x7a2dbfd4d070>,O=C(CCCc1ccccc1)NCC(=O)N[C@@H](CCCCNC(=O)CN1CCNCCNCCNCC1)C(=O)N1CCN(CCCOc2ccc3nccc(C(=O)NCC(=O)N4CCCC4)c3c2)CC1,<rdkit.Chem.rdchem.Mol object at 0x7a2dbfd68e40>
FAPI-33,OC(=O)C(NC(=O)Cn1ccnc1CN(CC(=O)N1CCN(CCOCCOCCOc2cc3c(nccc3C(=O)NCC(=O)N3CC(F)(F)C[C@H]3C#N)cc2)CC1)Cc1nccn1CC(=O)N[C@H](CCC(=O)O)C(O)=O)CCC(=O)O,Molecules,<rdkit.Chem.rdchem.Mol object at 0x7a2dbfd4d0e0>,O=C(NCC(=O)N1CCCC1)c1ccnc2ccc(OCCOCCOCCN3CCN(C(=O)CN(Cc4ncc[nH]4)Cc4ncc[nH]4)CC3)cc12,<rdkit.Chem.rdchem.Mol object at 0x7a2dbfd68eb0>
DOTA-GPFAPI-04,O=C(N1CCN(CCCOc2ccc3nccc(C(=O)NCC(=O)N4CC(F)(F)C[C@@H]4C#N)c3c2)CC1)C1CCCN1C(=O)CNC(=O)CN1CCN(CC(=O)O)CCN(CC(=O)O)CCN(CC(=O)O)CC1,Molecules,<rdkit.Chem.rdchem.Mol object at 0x7a2dbfd4d150>,O=C(CN1CCNCCNCCNCC1)NCC(=O)N1CCCC1C(=O)N1CCN(CCCOc2ccc3nccc(C(=O)NCC(=O)N4CCCC4)c3c2)CC1,<rdkit.Chem.rdchem.Mol object at 0x7a2dbfd68f20>
FAPI-LM3,CN(CCCN1CCN(CC1)C(=O)COCCOCCOCCNC(=O)CCC(=O)NC(CCCCNC(=C)CN1CCN(CC(=O)O)CCN(CC(=O)O)CCN(CC(=O)O)CC1)C(=O)NC(Cc1ccc(Cl)cc1)C(=O)NC1CSSC(NC(=O)C(NC(=O)CNC(=O)C(NC(=C)C(Cc2ccc(O)cc2)NC1=O)c1ccc(cc1)NC(=O)N)C(C)O)C(=O)NC(Cc1ccc(O)cc1)C(=O)N)c1cc2c(cc1)nccc2C(=O)NCC(=O)N1CC(F)(F)C[C@H]1C#N,Molecules,<rdkit.Chem.rdchem.Mol object at 0x7a2dbfd4d1c0>,C=C(CN1CCNCCNCCNCC1)NCCCCC(NC(=O)CCC(=O)NCCOCCOCCOCC(=O)N1CCN(CCCNc2ccc3nccc(C(=O)NCC(=O)N4CCCC4)c3c2)CC1)C(=O)NC(Cc1ccccc1)C(=O)NC1CSSC(C(=O)NCCc2ccccc2)NC(=O)CNC(=O)CNC(=O)C(c2ccccc2)NC(=C)C(Cc2ccccc2)NC1=O,<rdkit.Chem.rdchem.Mol object at 0x7a2dbfd68f90>
FAPI-29,OC(=O)C(NC(=O)Cn1ccnc1CN(CC(=O)N1CCN(CC1)CCCOc1cc2c(nccc2C(=O)NCC(=O)N2CC(F)(F)C[C@H]2C#N)cc1)Cc1nccn1CC(=O)N[C@H](CCC(=O)O)C(O)=O)CCC(=O)O,Molecules,<rdkit.Chem.rdchem.Mol object at 0x7a2dbfd4d230>,O=C(NCC(=O)N1CCCC1)c1ccnc2ccc(OCCCN3CCN(C(=O)CN(Cc4ncc[nH]4)Cc4ncc[nH]4)CC3)cc12,<rdkit.Chem.rdchem.Mol object at 0x7a2dbfd69000>
TEFAPI-06,O=C(O)C(NC(=O)CCCC(=O)N[C@@H](CCCCNC(=O)CN1CCN(CC(=O)O)CCN(CC(=O)O)CCN(CC(=O)O)CC1)C(=O)N1CCN(CC1)CCCOc1cc2c(nccc2C(=O)NCC(=O)N2CC(F)(F)C[C@H]2C#N)cc1)CCCCNC(=O)CCCc1ccc(I)cc1,Molecules,<rdkit.Chem.rdchem.Mol object at 0x7a2dbfd4d2a0>,O=C(CCCC(=O)N[C@@H](CCCCNC(=O)CN1CCNCCNCCNCC1)C(=O)N1CCN(CCCOc2ccc3nccc(C(=O)NCC(=O)N4CCCC4)c3c2)CC1)NCCCCCNC(=O)CCCc1ccccc1,<rdkit.Chem.rdchem.Mol object at 0x7a2dbfd69070>
FAPI-28,OC(=O)C(NC(=O)Cn1ccnc1CN(CC(=O)N1CCN(CCCOc2ccc3nccc(C(=O)NCC(=O)N4CC(F)(F)C[C@H]4C#N)c3c2)CC1)Cc1nccn1CC(=O)N[C@H](CC(=O)N)C(O)=O)CC(=O)N,Molecules,<rdkit.Chem.rdchem.Mol object at 0x7a2dbfd4d310>,O=C(NCC(=O)N1CCCC1)c1ccnc2ccc(OCCCN3CCN(C(=O)CN(Cc4ncc[nH]4)Cc4ncc[nH]4)CC3)cc12,<rdkit.Chem.rdchem.Mol object at 0x7a2dbfd690e0>
FAPI-46,O=C(NCC(=O)N1CC(F)(F)C[C@@H]1C#N)c1ccnc2ccc(cc21)N(C)CCCN1CCN(CC1)C(=O)CN1CCN(CC(=O)O)CCN(CC(=O)O)CCN(CC(=O)O)CC1,Molecules,<rdkit.Chem.rdchem.Mol object at 0x7a2dbfd4d380>,O=C(NCC(=O)N1CCCC1)c1ccnc2ccc(NCCCN3CCN(C(=O)CN4CCNCCNCCNCC4)CC3)cc12,<rdkit.Chem.rdchem.Mol object at 0x7a2dbfd69150>
DOTA-4P(FAPI)4,CN(CCCN1CCN(CC1)C(=O)COCCOCCOCCNC(=O)[C@@H](NC(=O)[C@@H](NC(=O)CCC(=O)NCCOCCOCCOCC(=O)N1CCN(CC1)CCCN(C)c1ccc2nccc(C(=O)NCC(=O)N3CC(F)(F)C[C@H]3C#N)c2c1)CCCCNC(=O)CN1CCN(CCN(CCN(CC1)CC(O)=O)CC(O)=O)CC(O)=O)CCCCNC(=O)[C@H](NC(=O)CCC(=O)NCCOCCOCCOCC(=O)N1CCN(CC1)CCCN(C)c1ccc2nccc(C(=O)NCC(=O)N3CC(F)(F)C[C@H]3C#N)c2c1)CCCCNC(=O)CCC(=O)NCCOCCOCCOCC(=O)N1CCN(CC1)CCCN(C)c1cc2c(cc1)nccc2C(=O)NCC(=O)N1CC(F)(F)C[C@H]1C#N)c1ccc2nccc(C(=O)NCC(=O)N3CC(F)(F)C[C@H]3C#N)c2c1,Molecules,<rdkit.Chem.rdchem.Mol object at 0x7a2dbfd4d3f0>,O=C(CCC(=O)NCCOCCOCCOCC(=O)N1CCN(CCCNc2ccc3nccc(C(=O)NCC(=O)N4CCCC4)c3c2)CC1)NCCCC[C@@H](NC(=O)CCC(=O)NCCOCCOCCOCC(=O)N1CCN(CCCNc2ccc3nccc(C(=O)NCC(=O)N4CCCC4)c3c2)CC1)C(=O)NCCCC[C@H](NC(=O)[C@H](CCCCNC(=O)CN1CCNCCNCCNCC1)NC(=O)CCC(=O)NCCOCCOCCOCC(=O)N1CCN(CCCNc2ccc3nccc(C(=O)NCC(=O)N4CCCC4)c3c2)CC1)C(=O)NCCOCCOCCOCC(=O)N1CCN(CCCNc2ccc3nccc(C(=O)NCC(=O)N4CCCC4)c3c2)CC1,<rdkit.Chem.rdchem.Mol object at 0x7a2dbfd691c0>
PNT6555,OB(O)[C@@H]1CCCN1C(=O)C(C)NC(=O)c1ccc(cc1)CNCC(=O)CN1CCN(CC(O)=O)CCN(CC(O)=O)CCN(CC(O)=O)CC1,Molecules,<rdkit.Chem.rdchem.Mol object at 0x7a2dbfd4d460>,O=C(CNCc1ccc(C(=O)NCC(=O)N2CCCC2)cc1)CN1CCNCCNCCNCC1,<rdkit.Chem.rdchem.Mol object at 0x7a2dbfd69230>
EB-FAPI-B1,O=C(O)CN1CCN(CC(=O)O)CCN(CC(=O)NC(CCCCNC(=O)CCC(=O)N2CCN(CC2)CCCOc2cc3c(nccc3C(=O)NCC(=O)N3CCC[C@@H]3C#N)cc2)C(=O)Nc2ccc(cc2C)c2cc(C)c(/N=N/c3ccc4c(c3O)c(N)c(cc4S(=O)(=O)O)S(=O)(=O)O)cc2)CCN(CC(=O)O)CC1,Molecules,<rdkit.Chem.rdchem.Mol object at 0x7a2dbfd4d4d0>,O=C(CCC(=O)N1CCN(CCCOc2ccc3nccc(C(=O)NCC(=O)N4CCCC4)c3c2)CC1)NCCCCC(NC(=O)CN1CCNCCNCCNCC1)C(=O)Nc1ccc(-c2ccc(/N=N/c3ccc4ccccc4c3)cc2)cc1,<rdkit.Chem.rdchem.Mol object at 0x7a2dbfd692a0>
FAPI-05,O=C(NCC(=O)N1CC(F)C[C@@H]1C#N)c1ccnc2ccc(OCCCCN3CCN(CC3)C(=O)CN3CCN(CC(O)=O)CCN(CC(O)=O)CCN(CC(O)=O)CC3)cc21,Molecules,<rdkit.Chem.rdchem.Mol object at 0x7a2dbfd4d540>,O=C(NCC(=O)N1CCCC1)c1ccnc2ccc(OCCCCN3CCN(C(=O)CN4CCNCCNCCNCC4)CC3)cc12,<rdkit.Chem.rdchem.Mol object at 0x7a2dbfd69310>
TEFAPI-07,O=C(O)CN1CCN(CC(=O)O)CCN(CC(=O)O)CCN(CC(=O)NCCCC[C@H](NC(=O)CCCC(=O)Nc2ccc(cc2C)c2cc(C)c(N=Nc3ccc4c(c3O)c(N)c(cc4S(=O)(=O)O)S(=O)(=O)O)cc2)C(=O)N2CCN(CC2)CCCOc2cc3c(nccc3C(=O)NCC(=O)N3CC(F)(F)C[C@H]3C#N)cc2)CC1,Molecules,<rdkit.Chem.rdchem.Mol object at 0x7a2dbfd4d5b0>,O=C(CN1CCNCCNCCNCC1)NCCCC[C@H](NC(=O)CCCC(=O)Nc1ccc(-c2ccc(N=Nc3ccc4ccccc4c3)cc2)cc1)C(=O)N1CCN(CCCOc2ccc3nccc(C(=O)NCC(=O)N4CCCC4)c3c2)CC1,<rdkit.Chem.rdchem.Mol object at 0x7a2dbfd69380>
AV02070,O=C(NCC(=O)N1CC(F)(F)C[C@H]1C#N)c1ccnc(c1)N(C)CCN(C)C(=O)CN1CCN(CC(O)=O)CCN(CC(O)=O)CCN(CC1)CC(O)=O,Molecules,<rdkit.Chem.rdchem.Mol object at 0x7a2dbfd4d620>,O=C(CN1CCNCCNCCNCC1)NCCNc1cc(C(=O)NCC(=O)N2CCCC2)ccn1,<rdkit.Chem.rdchem.Mol object at 0x7a2dbfd693f0>
FAP6-19,O=C(N1CC(F)(F)C[C@H]1C#N)[C@@H]1NC(=O)C(CC(=O)N2Cc3c(cccc3CN3CCN(CC3)C(=O)[C@@H](CCCCNC(=O)CN3CCN(CC(=O)O)CCN(CC(=O)O)CCN(CC(=O)O)CC3)NC(=O)c3ccc(CNC(=O)CCCc4ccc(I)cc4)cc3)C2)C1,Molecules,<rdkit.Chem.rdchem.Mol object at 0x7a2dbfd4d690>,O=C(CCCc1ccccc1)NCc1ccc(C(=O)N[C@H](CCCCNC(=O)CN2CCNCCNCCNCC2)C(=O)N2CCN(Cc3cccc4c3CN(C(=O)CC3C[C@H](C(=O)N5CCCC5)NC3=O)C4)CC2)cc1,<rdkit.Chem.rdchem.Mol object at 0x7a2dbfd69460>
FAPI-02,O=C(NCC(=O)N1CCC[C@@H]1C#N)c1ccnc2ccc(OCCCN3CCN(CC3)C(=O)CN3CCN(CC(=O)O)CCN(CC(=O)O)CCN(CC(=O)O)CC3)cc21,Molecules,<rdkit.Chem.rdchem.Mol object at 0x7a2dbfd4d700>,O=C(NCC(=O)N1CCCC1)c1ccnc2ccc(OCCCN3CCN(C(=O)CN4CCNCCNCCNCC4)CC3)cc12,<rdkit.Chem.rdchem.Mol object at 0x7a2dbfd694d0>
FAPI-mFS,O=S(=O)(F)Oc1cccc(c1)C(=O)NCCCC[C@H](NC(=O)CN1CCN(CC(O)=O)CCN(CC(O)=O)CCN(CC(O)=O)CC1)C(=O)N1CCN(CC1)CCCOc1ccc2nccc(C(=O)NCC(=O)N3CC(F)(F)C[C@H]3C#N)c2c1,Molecules,<rdkit.Chem.rdchem.Mol object at 0x7a2dbfd4d770>,O=C(CN1CCNCCNCCNCC1)N[C@@H](CCCCNC(=O)c1ccccc1)C(=O)N1CCN(CCCOc2ccc3nccc(C(=O)NCC(=O)N4CCCC4)c3c2)CC1,<rdkit.Chem.rdchem.Mol object at 0x7a2dbfd69540>
Alb-FAPtp-01,O=C(O)C1CC(F)(F)CN1C(=O)CNC(=O)C(NC(=O)CCOCCOCCOCCOCCOCCOCCOCCOCCNC(=O)C(CCCCNC(=O)CCCc1ccc(Cl)cc1)NC(=O)CN1CCN(CC(=O)O)CCN(CC(=O)O)CCN(CC(=O)O)CC1)Cc1c[NH]c2ccccc21,Molecules,<rdkit.Chem.rdchem.Mol object at 0x7a2dbfd4d7e0>,O=C(CCCc1ccccc1)NCCCCC(NC(=O)CN1CCNCCNCCNCC1)C(=O)NCCOCCOCCOCCOCCOCCOCCOCCOCCC(=O)NC(Cc1c[nH]c2ccccc12)C(=O)NCC(=O)N1CCCC1,<rdkit.Chem.rdchem.Mol object at 0x7a2dbfd695b0>
FGlc-FAPI,O=C(NCC(=O)N1CC(F)(F)C[C@H]1C#N)c1ccnc2ccc(OCCCN3CCN(CC3)Cc3nnn(c3)C3OC(C[18F])C(O)C(O)C3O)cc21,Molecules,<rdkit.Chem.rdchem.Mol object at 0x7a2dbfd4d850>,O=C(NCC(=O)N1CCCC1)c1ccnc2ccc(OCCCN3CCN(Cc4cn(C5CCCCO5)nn4)CC3)cc12,<rdkit.Chem.rdchem.Mol object at 0x7a2dbfd69620>
FAPI-46-EB,O=S(=O)(O)c1cc(c(N)c2c(O)c(\N=N\c3ccc(cc3C)c3ccc(NC(=O)C(NC(=O)CN4CCN(CC(=O)O)CCN(CC(=O)O)CCN(CC(=O)O)CC4)C(=O)N4CCN(CC4)CCCN(C)c4ccc5nccc(C(=O)NCC(=O)N6CC(F)(F)C[C@H]6C#N)c5c4)c(C)c3)ccc21)S(=O)(=O)O,Molecules,<rdkit.Chem.rdchem.Mol object at 0x7a2dbfd4d8c0>,O=C(CN1CCNCCNCCNCC1)NC(C(=O)Nc1ccc(-c2ccc(/N=N/c3ccc4ccccc4c3)cc2)cc1)C(=O)N1CCN(CCCNc2ccc3nccc(C(=O)NCC(=O)N4CCCC4)c3c2)CC1,<rdkit.Chem.rdchem.Mol object at 0x7a2dbfd69690>
FAPI-01,O=C(NCC(=O)N1CCC[C@@H]1C#N)c1ccnc2cccc(I)c21,Molecules,<rdkit.Chem.rdchem.Mol object at 0x7a2dbfd4d930>,O=C(NCC(=O)N1CCCC1)c1ccnc2ccccc12,<rdkit.Chem.rdchem.Mol object at 0x7a2dbfd69700>
FAPI-03,O=C(NCC(=O)N1CCC[C@@H]1C#N)c1ccnc2ccc(OCCCCN3CCN(CC3)C(=O)CN3CCN(CC(=O)O)CCN(CC(=O)O)CCN(CC(=O)O)CC3)cc21,Molecules,<rdkit.Chem.rdchem.Mol object at 0x7a2dbfd4d9a0>,O=C(NCC(=O)N1CCCC1)c1ccnc2ccc(OCCCCN3CCN(C(=O)CN4CCNCCNCCNCC4)CC3)cc12,<rdkit.Chem.rdchem.Mol object at 0x7a2dbfd69770>
FAPI-06,O=C(NCC(=O)N1CCC[C@@H]1C#N)c1ccnc2ccc(OCCCNC(=O)CN3CCN(CC(O)=O)CCN(CC(O)=O)CCN(CC(O)=O)CC3)cc21,Molecules,<rdkit.Chem.rdchem.Mol object at 0x7a2dbfd4da10>,O=C(CN1CCNCCNCCNCC1)NCCCOc1ccc2nccc(C(=O)NCC(=O)N3CCCC3)c2c1,<rdkit.Chem.rdchem.Mol object at 0x7a2dbfd697e0>
FAPI-07,O=C(NCC(=O)N1CC(F)C[C@@H]1C#N)c1ccnc2ccc(OCCCNC(=O)CN3CCN(CC(=O)O)CCN(CC(=O)O)CCN(CC3)CC(=O)O)cc21,Molecules,<rdkit.Chem.rdchem.Mol object at 0x7a2dbfd4da80>,O=C(CN1CCNCCNCCNCC1)NCCCOc1ccc2nccc(C(=O)NCC(=O)N3CCCC3)c2c1,<rdkit.Chem.rdchem.Mol object at 0x7a2dbfd69850>
FAPI-08,O=C(NCC(=O)N1CCC[C@@H]1C#N)c1ccnc2cc(OCCCN3CCN(CC3)C(=O)CN3CCN(CC(O)=O)CCN(CC(O)=O)CCN(CC(O)=O)CC3)ccc21,Molecules,<rdkit.Chem.rdchem.Mol object at 0x7a2dbfd4daf0>,O=C(NCC(=O)N1CCCC1)c1ccnc2cc(OCCCN3CCN(C(=O)CN4CCNCCNCCNCC4)CC3)ccc12,<rdkit.Chem.rdchem.Mol object at 0x7a2dbfd698c0>
FAPI-09,O=C(NCC(=O)N1CC(F)C[C@@H]1C#N)c1ccnc2cc(OCCCN3CCN(CC3)C(=O)CN3CCN(CC(=O)O)CCN(CC(=O)O)CCN(CC3)CC(=O)O)ccc21,Molecules,<rdkit.Chem.rdchem.Mol object at 0x7a2dbfd4db60>,O=C(NCC(=O)N1CCCC1)c1ccnc2cc(OCCCN3CCN(C(=O)CN4CCNCCNCCNCC4)CC3)ccc12,<rdkit.Chem.rdchem.Mol object at 0x7a2dbfd69930>
FAPI-11,O=C(NCC(=O)N1CC(F)C[C@@H]1C#N)c1ccnc2ccc(OCC3CCN(CC3)C(=O)CN3CCN(CC(O)=O)CCN(CC(O)=O)CCN(CC(O)=O)CC3)cc21,Molecules,<rdkit.Chem.rdchem.Mol object at 0x7a2dbfd4dbd0>,O=C(NCC(=O)N1CCCC1)c1ccnc2ccc(OCC3CCN(C(=O)CN4CCNCCNCCNCC4)CC3)cc12,<rdkit.Chem.rdchem.Mol object at 0x7a2dbfd699a0>
FAPI-12,O=C(NCC(=O)N1CC(F)C[C@@H]1C#N)c1ccnc2ccc(OCCC3CCN(CC3)C(=O)CN3CCN(CC(O)=O)CCN(CC(O)=O)CCN(CC(O)=O)CC3)cc21,Molecules,<rdkit.Chem.rdchem.Mol object at 0x7a2dbfd4dc40>,O=C(NCC(=O)N1CCCC1)c1ccnc2ccc(OCCC3CCN(C(=O)CN4CCNCCNCCNCC4)CC3)cc12,<rdkit.Chem.rdchem.Mol object at 0x7a2dbfd69a10>
FAPI-14,O=C(NCC(=O)N1CC(F)C[C@@H]1C#N)c1ccnc2ccc(OCCCCC3CCN(CC3)C(=O)CN3CCN(CC(O)=O)CCN(CC(O)=O)CCN(CC(O)=O)CC3)cc21,Molecules,<rdkit.Chem.rdchem.Mol object at 0x7a2dbfd4dcb0>,O=C(NCC(=O)N1CCCC1)c1ccnc2ccc(OCCCCC3CCN(C(=O)CN4CCNCCNCCNCC4)CC3)cc12,<rdkit.Chem.rdchem.Mol object at 0x7a2dbfd69a80>
FAPI-21,O=C(NCC(=O)N1CC(F)(F)C[C@@H]1C#N)c1ccnc2ccc(OCCCN3C[C@H]4C[C@@H]3CN4C(=O)CN3CCN(CC(O)=O)CCN(CC(O)=O)CCN(CC3)CC(O)=O)cc21,Molecules,<rdkit.Chem.rdchem.Mol object at 0x7a2dbfd4dd20>,O=C(NCC(=O)N1CCCC1)c1ccnc2ccc(OCCCN3C[C@H]4C[C@@H]3CN4C(=O)CN3CCNCCNCCNCC3)cc12,<rdkit.Chem.rdchem.Mol object at 0x7a2dbfd69af0>
FAPI-22,O=C(NCC(=O)N1CC(F)(F)C[C@@H]1C#N)c1ccnc2ccc(OCCCN3C[C@H](Cc4ccccc4)N(CC3)C(=O)CN3CCN(CC(O)=O)CCN(CC(O)=O)CCN(CC(O)=O)CC3)cc21,Molecules,<rdkit.Chem.rdchem.Mol object at 0x7a2dbfd4dd90>,O=C(NCC(=O)N1CCCC1)c1ccnc2ccc(OCCCN3CCN(C(=O)CN4CCNCCNCCNCC4)[C@@H](Cc4ccccc4)C3)cc12,<rdkit.Chem.rdchem.Mol object at 0x7a2dbfd69b60>
FAPI-23,O=C(NCC(=O)N1CC(F)(F)C[C@@H]1C#N)c1ccnc2ccc(OCCCN3CC(C)(C)N(CC3)C(=O)CN3CCN(CC(=O)O)CCN(CC(=O)O)CCN(CC(=O)O)CC3)cc21,Molecules,<rdkit.Chem.rdchem.Mol object at 0x7a2dbfd4de00>,O=C(NCC(=O)N1CCCC1)c1ccnc2ccc(OCCCN3CCN(C(=O)CN4CCNCCNCCNCC4)CC3)cc12,<rdkit.Chem.rdchem.Mol object at 0x7a2dbfd69bd0>
FAPI-35,O=C(NCC(=O)N1CC(F)(F)C[C@@H]1C#N)c1ccnc2ccc(OCCCN3CCC4CC(CN4C(=O)CN4CCN(CC(O)=O)CCN(CC(O)=O)CCN(CC(O)=O)CC4)C3)cc21,Molecules,<rdkit.Chem.rdchem.Mol object at 0x7a2dbfd4de70>,O=C(NCC(=O)N1CCCC1)c1ccnc2ccc(OCCCN3CCC4CC(C3)CN4C(=O)CN3CCNCCNCCNCC3)cc12,<rdkit.Chem.rdchem.Mol object at 0x7a2dbfd69c40>
FAPI-36,O=C(NCC(=O)N1CC(F)(F)C[C@@H]1C#N)c1ccnc2ccc(OCCCN3C[C@H]4CN(C(=O)CN5CCN(CC(O)=O)CCN(CC(O)=O)CCN(CC(O)=O)CC5)[C@@H](CC3)CC4)cc21,Molecules,<rdkit.Chem.rdchem.Mol object at 0x7a2dbfd4dee0>,O=C(NCC(=O)N1CCCC1)c1ccnc2ccc(OCCCN3CC[C@H]4CC[C@@H](C3)CN4C(=O)CN3CCNCCNCCNCC3)cc12,<rdkit.Chem.rdchem.Mol object at 0x7a2dbfd69cb0>
FAPI-37,O=C(NCC(=O)N1CC(F)(F)C[C@@H]1C#N)c1ccnc2ccc(OCCCn3nnc(c3)CNC(=O)CN3CCN(CC(O)=O)CCN(CC(O)=O)CCN(CC3)CC(O)=O)cc21,Molecules,<rdkit.Chem.rdchem.Mol object at 0x7a2dbfd4df50>,O=C(CN1CCNCCNCCNCC1)NCc1cn(CCCOc2ccc3nccc(C(=O)NCC(=O)N4CCCC4)c3c2)nn1,<rdkit.Chem.rdchem.Mol object at 0x7a2dbfd69d20>
FAPI-38,O=C(NCC(=O)N1CC(F)(F)C[C@@H]1C#N)c1ccnc2ccc(OCCCC3CCN(CC3)C(=C)[C@H](NC(=O)CN3CCN(CC(O)=O)CCN(CC(O)=O)CCN(CC(O)=O)CC3)CCCNC(N)=N)cc21,Molecules,<rdkit.Chem.rdchem.Mol object at 0x7a2dbfd4dfc0>,C=C(CNC(=O)CN1CCNCCNCCNCC1)N1CCC(CCCOc2ccc3nccc(C(=O)NCC(=O)N4CCCC4)c3c2)CC1,<rdkit.Chem.rdchem.Mol object at 0x7a2dbfd69d90>
FAPI-39,O=C(NCC(=O)N1CC(F)(F)C[C@@H]1C#N)c1ccnc2ccc(CCCCN3CCN(CC3)C(=O)CN3CCN(CC(=O)O)CCN(CC(=O)O)CCN(CC(=O)O)CC3)cc21,Molecules,<rdkit.Chem.rdchem.Mol object at 0x7a2dbfd4e030>,O=C(NCC(=O)N1CCCC1)c1ccnc2ccc(CCCCN3CCN(C(=O)CN4CCNCCNCCNCC4)CC3)cc12,<rdkit.Chem.rdchem.Mol object at 0x7a2dbfd69e00>
FAPI-40,O=C(NCC(=O)N1CC(F)(F)C[C@@H]1C#N)c1ccnc2ccc(SCCCN3CCN(CC3)C(=O)CN3CCN(CC(=O)O)CCN(CC(=O)O)CCN(CC3)CC(=O)O)cc21,Molecules,<rdkit.Chem.rdchem.Mol object at 0x7a2dbfd4e0a0>,O=C(NCC(=O)N1CCCC1)c1ccnc2ccc(SCCCN3CCN(C(=O)CN4CCNCCNCCNCC4)CC3)cc12,<rdkit.Chem.rdchem.Mol object at 0x7a2dbfd69e70>
FAPI-41,O=C(NCC(=O)N1CC(F)(F)C[C@@H]1C#N)c1ccnc2ccc(NCCCN3CCN(CC3)C(=O)CN3CCN(CC(=O)O)CCN(CC(=O)O)CCN(CC(=O)O)CC3)cc21,Molecules,<rdkit.Chem.rdchem.Mol object at 0x7a2dbfd4e110>,O=C(NCC(=O)N1CCCC1)c1ccnc2ccc(NCCCN3CCN(C(=O)CN4CCNCCNCCNCC4)CC3)cc12,<rdkit.Chem.rdchem.Mol object at 0x7a2dbfd69ee0>
FAPI-53,O=C(NCC(=O)N1CC(F)(F)C[C@@H]1C#N)c1ccnc2ccc(cc21)N(C)CCCN1C[C@@H]2C[C@H]1CN2C(=O)CN1CCN(CC(=O)O)CCN(CC(=O)O)CCN(CC(=O)O)CC1,Molecules,<rdkit.Chem.rdchem.Mol object at 0x7a2dbfd4e180>,O=C(NCC(=O)N1CCCC1)c1ccnc2ccc(NCCCN3C[C@@H]4C[C@H]3CN4C(=O)CN3CCNCCNCCNCC3)cc12,<rdkit.Chem.rdchem.Mol object at 0x7a2dbfd69f50>
FAPI-55,O=C(NCC(=O)N1CC(F)(F)C[C@@H]1C#N)c1ccnc2ccc(cc21)N(C)CCCC1CCN(CC1)C(=O)CN1CCN(CC(=O)O)CCN(CC(=O)O)CCN(CC(=O)O)CC1,Molecules,<rdkit.Chem.rdchem.Mol object at 0x7a2dbfd4e1f0>,O=C(NCC(=O)N1CCCC1)c1ccnc2ccc(NCCCC3CCN(C(=O)CN4CCNCCNCCNCC4)CC3)cc12,<rdkit.Chem.rdchem.Mol object at 0x7a2dbfd69fc0>
18FFEQGP,O=C(NCC(=O)N1CCC[C@H]1C#N)c1ccnc2ccc(OCC[18F])cc21,Molecules,<rdkit.Chem.rdchem.Mol object at 0x7a2dbfd4e260>,O=C(NCC(=O)N1CCCC1)c1ccnc2ccccc12,<rdkit.Chem.rdchem.Mol object at 0x7a2dbfd6a030>
FluoFAPI,O=C(NCC(=O)N1CCC[C@H]1C#N)c1ccnc2ccc(F)cc21,Molecules,<rdkit.Chem.rdchem.Mol object at 0x7a2dbfd4e2d0>,O=C(NCC(=O)N1CCCC1)c1ccnc2ccccc12,<rdkit.Chem.rdchem.Mol object at 0x7a2dbfd6a0a0>
HBED-CC-FAPI-04,O=C(NCC(=O)N1CC(F)(F)C[C@H]1C#N)c1ccnc2ccc(OCCCN3CCN(CC3)C(=O)CCc3cc(CN(CC(O)=O)CCN(CC(O)=O)Cc4cc(CCC(O)=O)ccc4O)c(O)cc3)cc21,Molecules,<rdkit.Chem.rdchem.Mol object at 0x7a2dbfd4e340>,O=C(NCC(=O)N1CCCC1)c1ccnc2ccc(OCCCN3CCN(C(=O)CCc4cccc(CNCCNCc5ccccc5)c4)CC3)cc12,<rdkit.Chem.rdchem.Mol object at 0x7a2dbfd6a110>
HBED-CC-FAPI-02,O=C(NCC(=O)N1CCC[C@@H]1C#N)c1ccnc2ccc(OCCCN3CCN(CC3)C(=O)CCc3ccc(O)c(CN(CC(=O)O)CCN(CC(=O)O)Cc4cc(CCC(=O)O)ccc4O)c3)cc21,Molecules,<rdkit.Chem.rdchem.Mol object at 0x7a2dbfd4e3b0>,O=C(NCC(=O)N1CCCC1)c1ccnc2ccc(OCCCN3CCN(C(=O)CCc4cccc(CNCCNCc5ccccc5)c4)CC3)cc12,<rdkit.Chem.rdchem.Mol object at 0x7a2dbfd6a180>
